DROP table if exists esgi_user;
DROP table if exists esgi_film;
DROP table if exists esgi_note;
DROP table if exists esgi_comment;

CREATE TABLE esgi_user (
     id SERIAL PRIMARY KEY,
     firstname VARCHAR(60) NOT NULL,
     lastname VARCHAR(120) NOT NULL,
     email VARCHAR(255) NOT NULL,
     pwd VARCHAR(255) NOT NULL,
     country VARCHAR(255) NOT NULL,
     token VARCHAR(255) DEFAULT NULL,
     status INT NOT NULL,
     date_inserted TIMESTAMP DEFAULT CURRENT_TIMESTAMP,
     date_updated TIMESTAMP DEFAULT CURRENT_TIMESTAMP,
     UNIQUE (email)
);


CREATE TABLE esgi_film (
     id SERIAL PRIMARY KEY,
     title VARCHAR(255) NOT NULL,
     description VARCHAR(255) NOT NULL,
     year INTEGER,
     length INTEGER,
     category VARCHAR(255),
     date_inserted TIMESTAMP DEFAULT CURRENT_TIMESTAMP,
     date_updated TIMESTAMP DEFAULT CURRENT_TIMESTAMP,
     image VARCHAR(255) DEFAULT 'default.svg' not null
);


CREATE TABLE esgi_note (
   id SERIAL PRIMARY KEY,
   film_id INTEGER NOT NULL,
   user_id INTEGER NOT NULL,
   note INTEGER,
   FOREIGN KEY (film_id) REFERENCES esgi_film (id),
   FOREIGN KEY (user_id) REFERENCES esgi_user (id)
);

CREATE TABLE esgi_comment (
  id SERIAL PRIMARY KEY,
  film_id INTEGER NOT NULL,
  user_id INTEGER NOT NULL,
  content TEXT,
  date_inserted TIMESTAMP DEFAULT CURRENT_TIMESTAMP,
  FOREIGN KEY (film_id) REFERENCES esgi_film (id),
  FOREIGN KEY (user_id) REFERENCES esgi_user (id)
);

ALTER TABLE esgi_comment
    DROP CONSTRAINT esgi_comment_user_id_fkey,
    ADD CONSTRAINT esgi_comment_user_id_fkey
        FOREIGN KEY (user_id) REFERENCES esgi_user (id)
            ON DELETE CASCADE;

ALTER TABLE esgi_comment
    DROP CONSTRAINT esgi_comment_film_id_fkey,
    ADD CONSTRAINT esgi_comment_film_id_fkey
        FOREIGN KEY (film_id) REFERENCES esgi_film (id)
            ON DELETE CASCADE;


ALTER TABLE esgi_note
    DROP CONSTRAINT esgi_note_user_id_fkey,
    ADD CONSTRAINT esgi_note_user_id_fkey
        FOREIGN KEY (user_id) REFERENCES esgi_user (id)
            ON DELETE CASCADE;

ALTER TABLE esgi_note
    DROP CONSTRAINT esgi_note_film_id_fkey,
    ADD CONSTRAINT esgi_note_film_id_fkey
        FOREIGN KEY (film_id) REFERENCES esgi_film (id)
            ON DELETE CASCADE;




INSERT INTO public.esgi_user (id, firstname, lastname, email, pwd, country, token, status, date_inserted, date_updated) VALUES (1, 'Adib', 'HAMCHI', 'adib.hamchi@hotmail.fr', '$2a$10$oIuMtDros8N5IY4UQqtzPOcEFcsDTg.AMzMX6luE7xClZiu9cLUGK', 'FR', '85bc39555aef1d139875c3c95164103f16233088cd607d83ac0f9e869d0c7d2d4a58f51c8d19df95e488f7735cda29995dd7', 2, '2023-06-30 18:58:13.531179', '2023-06-30 18:58:13.531179');
INSERT INTO public.esgi_user (id, firstname, lastname, email, pwd, country, token, status, date_inserted, date_updated) VALUES (3, 'Nia', 'WINDLER', 'reinger.grover@altenwerth.com', '$2y$10$pzSIlwj8RuLb5WvpiwVJpOxLdW/LVQ8NTopkBLmzFLAFzJNiNzIAa', 'AG', '6bd7ea00b574ec80cbccd8978a256aa7b41c30c72a0be07760566a2490b5ebbc3bd5b58982db34563970831d72d406104816', 2, '2023-06-30 18:58:13.000000', '2023-06-30 18:58:13.575215');
INSERT INTO public.esgi_user (id, firstname, lastname, email, pwd, country, token, status, date_inserted, date_updated) VALUES (4, 'Rafael', 'HAAG', 'maryam25@hotmail.com', '$2y$10$ZhQpCZaka.zuJKGDLcge1ORhETaacai06LleP5ez2RIUWBNdWKL.u', 'AQ', 'b4eed5b286c7b2cc22467c485e736536f0e0d2676c4d2fee00e0274dd7938739b4b8bf4f3fd32193f60de22bc4262e6434fa', 1, '2023-06-30 18:58:13.000000', '2023-06-30 18:58:13.618799');
INSERT INTO public.esgi_user (id, firstname, lastname, email, pwd, country, token, status, date_inserted, date_updated) VALUES (5, 'Maryse', 'HUELS', 'otilia63@hotmail.com', '$2y$10$pZz9J67PbtWKL12Z8kIXqOpEE0DZ5CysH1gHmWKT6FNKGlXHxDBgy', 'PW', 'd7c6e3907a68c9880cd4c146c61857ac0fb4f00522862c4d86eadfdaeee394c97ac229b32f453b60ef1db9064bb293579cbd', 1, '2023-06-30 18:58:13.000000', '2023-06-30 18:58:13.663312');
INSERT INTO public.esgi_user (id, firstname, lastname, email, pwd, country, token, status, date_inserted, date_updated) VALUES (6, 'Helmer', 'KUTCH', 'kelvin.stiedemann@bogan.com', '$2y$10$Xg0r2/u96zLQ08iSOQuda./MzOCh5oja7DZaN7McCmEgroScLM.A2', 'AI', 'b3cf4a901f55790608fe3e23bd4d3b976aa22caae1f37e82ba8a9868ae1f7ac0b2e63d0ce191a5f8a742a8f13939542f543f', 2, '2023-06-30 18:58:13.000000', '2023-06-30 18:58:13.707408');
INSERT INTO public.esgi_user (id, firstname, lastname, email, pwd, country, token, status, date_inserted, date_updated) VALUES (7, 'Claudie', 'SCHULTZ', 'britney98@leannon.info', '$2y$10$9X.qZgOBd/NUfJ5DJWX2iOQYivHaQu4f.uxEbrxxN7VOXevuKNnX2', 'CZ', '64d5315bc9d2b2466c06762fc7782bd20b648bc0c9b2a310885598bcb8c0b0e7a2f9efdaed725a496d8380762c2419130bba', 0, '2023-06-30 18:58:13.000000', '2023-06-30 18:58:13.751450');
INSERT INTO public.esgi_user (id, firstname, lastname, email, pwd, country, token, status, date_inserted, date_updated) VALUES (8, 'Fernando', 'KILBACK', 'craig98@yahoo.com', '$2y$10$vv5hWYz1CFIZxo345QxX/ubqtjEukK00rlTN28.Kzb5Gwoofqg6F2', 'ER', 'e75c03a6b1a795ed8882dd36af9285e9ba8656a87fb1b93d29b69ece01562c5aa6d52bc63236cbbb3356793edb0ecb5f1b7f', 0, '2023-06-30 18:58:13.000000', '2023-06-30 18:58:13.795247');
INSERT INTO public.esgi_user (id, firstname, lastname, email, pwd, country, token, status, date_inserted, date_updated) VALUES (9, 'Arch', 'LANG', 'valentine51@lakin.net', '$2y$10$jWxgYQJQZ5R3YXPTaj0HNew15fj5m6NYQN/mOwNIAc8pZJ8BRfz6q', 'QA', 'ac9dafbf4da6c471d20f87bc5bf31f76e052d34c9c5c16745bec100ec53fc0de51d745e14f319979f556f163bd9a57322c37', 0, '2023-06-30 18:58:13.000000', '2023-06-30 18:58:13.838917');
INSERT INTO public.esgi_user (id, firstname, lastname, email, pwd, country, token, status, date_inserted, date_updated) VALUES (10, 'Cassandra', 'BOTSFORD', 'dooley.makayla@yahoo.com', '$2y$10$JSwzKQ6mX3/aXbHlb.TxeOi5CLf2a5pyZ4mzJBey41pQ56lkxuxUm', 'TO', '52d93816e89a294b827e1064dc5e4aca07303cb0236817f0276590e9ff91015141574c4951c50c7a2fd8ea19dd274b3c5d11', 1, '2023-06-30 18:58:13.000000', '2023-06-30 18:58:13.882562');
INSERT INTO public.esgi_user (id, firstname, lastname, email, pwd, country, token, status, date_inserted, date_updated) VALUES (11, 'Terrell', 'HAMILL', 'oreilly.adaline@hotmail.com', '$2y$10$VUjvGOkJBt0a9JJIVD1eaOq2B/JM.OHIkYcxPwzEbOkyHexg/Mkjm', 'AQ', '3281bb818cbfe79dc975aefa35a8570a5dcfbf09ad0cafdff11163abbaa638cf1729e4ca35c1b9b972fd7ffa4dd7d92e68f4', 1, '2023-06-30 18:58:13.000000', '2023-06-30 18:58:13.926522');
INSERT INTO public.esgi_user (id, firstname, lastname, email, pwd, country, token, status, date_inserted, date_updated) VALUES (12, 'German', 'HODKIEWICZ', 'okon.serenity@hotmail.com', '$2y$10$zxaTjPi4xkEmxhnJ3wQqWOPozv4QPhMyIq0XPfKeTzfruG8PgrqNW', 'MW', '718a8deba77ec32187d68bc5c7efa85401224af047b88d94779bfd61c19b8383f91df6290b33c8a829558f94b6eb93cfa48e', 2, '2023-06-30 18:58:13.000000', '2023-06-30 18:58:13.970329');
INSERT INTO public.esgi_user (id, firstname, lastname, email, pwd, country, token, status, date_inserted, date_updated) VALUES (13, 'Yvonne', 'DOOLEY', 'leffler.florian@greenfelder.net', '$2y$10$w3L4NNcvTdP3Achtz2pyyOHoeCJUVUMlVMsF2zld4MOjJKcdGU1ZO', 'CH', '52adbd953330144593399fa1b5bb0dee8fc37345a304470a4da6665f1c93ef01d56fd4cfdf33d378aec6902623c7d0da2ec2', 1, '2023-06-30 18:58:13.000000', '2023-06-30 18:58:14.014228');
INSERT INTO public.esgi_user (id, firstname, lastname, email, pwd, country, token, status, date_inserted, date_updated) VALUES (14, 'Katharina', 'TURNER', 'jennie05@yahoo.com', '$2y$10$jI/cVmEqHc1l/jGURPburuMKa/2cxmMNXCilXzIcR4w.UsJZraoby', 'CH', '966dac821155ff000bac0560dcf59c67cf1dba616da8b93dfbe8791508820576077b25319d134323c9418be1b2c7e3868568', 2, '2023-06-30 18:58:14.000000', '2023-06-30 18:58:14.058295');
INSERT INTO public.esgi_user (id, firstname, lastname, email, pwd, country, token, status, date_inserted, date_updated) VALUES (15, 'Tressa', 'HOEGER', 'mervin02@gmail.com', '$2y$10$padkVrE9tPy90.OPOxX4B.Ri9uQ1OEKOX245LMc97jDo5gt4Vk3Zm', 'JO', '1361650ebe33501bd354ce8fa5cd6f12f88159ee5ccfdb20b18247b08e41871c7598b6c32afaa30738588e1724aa11b77488', 2, '2023-06-30 18:58:14.000000', '2023-06-30 18:58:14.101846');
INSERT INTO public.esgi_user (id, firstname, lastname, email, pwd, country, token, status, date_inserted, date_updated) VALUES (16, 'Arvid', 'MANN', 'reinger.major@weimann.com', '$2y$10$4xytja/FY.EGn9i88nbTj.dE/TOLAuOGawWZZbTggKIteJgCgZW7q', 'ER', '48f80b9f5544d3e5feb9451173ceb2eeeee37722a889ef01bdb0c467488c290389aa7a483bd71349e82930e7772199dc4da4', 1, '2023-06-30 18:58:14.000000', '2023-06-30 18:58:14.145749');
INSERT INTO public.esgi_user (id, firstname, lastname, email, pwd, country, token, status, date_inserted, date_updated) VALUES (17, 'Lenora', 'KERTZMANN', 'goodwin.martin@yahoo.com', '$2y$10$q82Z1XVJbRCqZbdX0ncVouGlOe4nOA76l8c6fmpCro0kDoUw7D3we', 'BO', '23875edf0122ef21bb8af029432e897bf197ad85fad935c892aba07040eb865a5e46c3c59b76339958c5775e5b32f3c41629', 1, '2023-06-30 18:58:14.000000', '2023-06-30 18:58:14.189449');
INSERT INTO public.esgi_user (id, firstname, lastname, email, pwd, country, token, status, date_inserted, date_updated) VALUES (18, 'Idell', 'CONSIDINE', 'kenna72@yahoo.com', '$2y$10$DNJqrKqeuHdiL5AKKkdrp.ZmBYc5XlmjjIH9X8Rva3gSs0gojzT7S', 'KI', '32f2e16684feb5877a461a331fb7b0228706cfee450a979f022d128e911f1a81c405255fa8e0f40134ddf262284c726cd9b1', 0, '2023-06-30 18:58:14.000000', '2023-06-30 18:58:14.233635');
INSERT INTO public.esgi_user (id, firstname, lastname, email, pwd, country, token, status, date_inserted, date_updated) VALUES (19, 'Alison', 'FRIESEN', 'evans.metz@yahoo.com', '$2y$10$VtYAR8eZPHwHjjBSrOHl9eh0lvc1TV/GG/pXKW94sCIfpBaTTsJSS', 'FI', 'beeb2c1d89f018ee15fa1df52e66fa2150cbf580610d16663eafe86f75afa493bd54c1dc1383b74c8907b37e8dd6f2416a18', 0, '2023-06-30 18:58:14.000000', '2023-06-30 18:58:14.277764');
INSERT INTO public.esgi_user (id, firstname, lastname, email, pwd, country, token, status, date_inserted, date_updated) VALUES (20, 'Liliane', 'KONOPELSKI', 'auer.cristian@gmail.com', '$2y$10$X4bzKQq.1eBs3lQkfEYOouOyMtR8CX9Ibsw1x6aD2Zl/9FvsFgTNW', 'HK', 'd202e52d2cbaa282d818f0b274d886294317d2260afd50cd882d4b96264ae49d36484d3b4a2b727c2796d652ce57f0050615', 1, '2023-06-30 18:58:14.000000', '2023-06-30 18:58:14.321350');
INSERT INTO public.esgi_user (id, firstname, lastname, email, pwd, country, token, status, date_inserted, date_updated) VALUES (21, 'Paige', 'LOWE', 'evalyn69@gmail.com', '$2y$10$NCC5T5NODygRuc8mx/rAee47yPRc5N5MZtTlFvKIjb8R8UUn78Gc2', 'LS', 'dcb3fca1a87c0e38d4280bfa35cb792371fc3f2dcd22856f2a00323f4f75cd6cfc5edc88fc5e91e18ed907eead3dce70f0a7', 2, '2023-06-30 18:58:14.000000', '2023-06-30 18:58:14.364868');
INSERT INTO public.esgi_user (id, firstname, lastname, email, pwd, country, token, status, date_inserted, date_updated) VALUES (22, 'Stella', 'DACH', 'reggie.daugherty@hermann.com', '$2y$10$OALg5YiDSKokTR.ODDK/BuDF0XbI/jikEA4wUQ3/LJeZxSsMeZ3oG', 'IN', '4ed0643caf636d0132386809c1008e750b62624177dfbd4b145c872520bd73412d740821193f331b00a9ca7c35df2f2f251d', 2, '2023-06-30 18:58:14.000000', '2023-06-30 18:58:14.408685');
INSERT INTO public.esgi_user (id, firstname, lastname, email, pwd, country, token, status, date_inserted, date_updated) VALUES (23, 'Lonnie', 'JOHNSTON', 'conroy.ricardo@hotmail.com', '$2y$10$IbsFQFdhkoqlg8Y7NZJH.O6X.h9bX8Ynsab2KB4QTgX76kn29ZctG', 'GT', '1c7e387833a5e70176d330a6f4f6b9e26b3a21163d4d41e568398458a523f276f8f136ca4a05440731c64683f255ee1777fc', 1, '2023-06-30 18:58:14.000000', '2023-06-30 18:58:14.452331');
INSERT INTO public.esgi_user (id, firstname, lastname, email, pwd, country, token, status, date_inserted, date_updated) VALUES (24, 'Cordelia', 'LEMKE', 'zharris@hotmail.com', '$2y$10$NnnsOX3x69ehrZsVkqyChuqhTiqt9Re5sksunruaqIIbaNkDQbX3m', 'MC', '097f7666849cfdbf5005a14fe0c9fcb7aa17283cc09be57d35f52ed1497cdd3443208e37b9e0dd61c9b9afea192b2550b101', 2, '2023-06-30 18:58:14.000000', '2023-06-30 18:58:14.496428');
INSERT INTO public.esgi_user (id, firstname, lastname, email, pwd, country, token, status, date_inserted, date_updated) VALUES (25, 'Augustus', 'SENGER', 'rohan.allen@bins.org', '$2y$10$ajaFxoxJtDRXv38KqRbZ1.3u4MocwHCsdzCb/ASwDRi/iuK8Jet72', 'AZ', '3505f1b485a252848f4ab633e715ed745ebd29e182e6334cfbd655b810cfbd7d708b3f0a6ca6a33c2cdd4018b6e2e166ac3d', 1, '2023-06-30 18:58:14.000000', '2023-06-30 18:58:14.540331');
INSERT INTO public.esgi_user (id, firstname, lastname, email, pwd, country, token, status, date_inserted, date_updated) VALUES (26, 'Demario', 'CHAMPLIN', 'purdy.lillian@klocko.com', '$2y$10$wDJgbE4faLgwJWBwJb1kQ.6MZZ1uvN6ML.ZSrfiJjoskQTAgPrnv6', 'BH', 'e4d80383c14c62386bc04c0887ce058d7d44c2fa6142af231c2f8137e50fa7fbe4fefef9bb04f2ae31a66ce525c2df769280', 2, '2023-06-30 18:58:14.000000', '2023-06-30 18:58:14.584463');
INSERT INTO public.esgi_user (id, firstname, lastname, email, pwd, country, token, status, date_inserted, date_updated) VALUES (27, 'Aaliyah', 'MERTZ', 'cora.rodriguez@cassin.com', '$2y$10$qGISLGdQAMdZMyvAj5f6Tu6ECDsGuqNNNvkkbV.G6nbCorOhPombe', 'NE', '4cf6114136ba5f6268007bc6eb9d258bb796c93141b063213042c9fa14b3266d5ff1efee4150008aa42fea8f6da2cbea7076', 1, '2023-06-30 18:58:14.000000', '2023-06-30 18:58:14.627808');
INSERT INTO public.esgi_user (id, firstname, lastname, email, pwd, country, token, status, date_inserted, date_updated) VALUES (28, 'Naomie', 'DONNELLY', 'gfahey@gmail.com', '$2y$10$Af/ZFguz1Ub2tfjmAaM4Xec.WxoP2QFfMBRZaJRWWYirIa5sMYdAG', 'ES', '99edf6c1a60d977d545d5ff77074f6232568982bd6ffc1b27c82052e492bd955ae3c718468ab326017d301fe3fb7eab0a065', 2, '2023-06-30 18:58:14.000000', '2023-06-30 18:58:14.671232');
INSERT INTO public.esgi_user (id, firstname, lastname, email, pwd, country, token, status, date_inserted, date_updated) VALUES (29, 'Dave', 'HODKIEWICZ', 'rosalind.hirthe@becker.org', '$2y$10$gsecWFfyZQhlTsD8G/vaduQ5ymvPhQ6eIWCIlmzgJpScOTlwqd22S', 'SK', '98ab804b36e214407786b55b8bc23d01233ec0a1efacea63124677a35d32ae709b0c16e6be1be8439c0622ffbe4bc9bd45f6', 1, '2023-06-30 18:58:14.000000', '2023-06-30 18:58:14.714827');
INSERT INTO public.esgi_user (id, firstname, lastname, email, pwd, country, token, status, date_inserted, date_updated) VALUES (30, 'Aiyana', 'ZIEMANN', 'avonrueden@gmail.com', '$2y$10$SJZ7qZsBOwvA9HafRSguCe3Z7TbYDSx1rDP3ngdlSZxmBRs3mjRxa', 'SY', '67537efa5739c643a4cc8f106f881528f093cd401c849370a6efd06034c433e5ffd40fc16881383f7e07210c8bd8893b9d5b', 2, '2023-06-30 18:58:14.000000', '2023-06-30 18:58:14.762232');
INSERT INTO public.esgi_user (id, firstname, lastname, email, pwd, country, token, status, date_inserted, date_updated) VALUES (31, 'Rosalyn', 'KUHLMAN', 'kbosco@kirlin.info', '$2y$10$jUtt1mlR4siQBlx1KGiWju8YcIyxqBwPkGPAzc1sSFB29uQxAf1tq', 'BM', '6ece1bca0337f573ced145c5a0970b38d689ae35caca6453321cfc3d99c38dda9e1e7c8d957fcbebcba0eedc769800ceb72f', 1, '2023-06-30 18:58:14.000000', '2023-06-30 18:58:14.807335');
INSERT INTO public.esgi_user (id, firstname, lastname, email, pwd, country, token, status, date_inserted, date_updated) VALUES (32, 'Anibal', 'MCKENZIE', 'elockman@gmail.com', '$2y$10$v/q4uil6pATyLXJHvcztL.BiHgDG1AkwuOKTHLP53Z7hU9vged062', 'AL', 'a23009f3201208de984d401125534cee4473500cf1749109b83d46c771f1cad617bfa9a11a8a6cbe951f8189ad4e64547cce', 2, '2023-06-30 18:58:14.000000', '2023-06-30 18:58:14.850829');
INSERT INTO public.esgi_user (id, firstname, lastname, email, pwd, country, token, status, date_inserted, date_updated) VALUES (33, 'Hollis', 'MOORE', 'ernser.braden@schaden.net', '$2y$10$1CAeHy1Dub24A4DMD/8U5.VDI9qGOv7zDqlLk8I3TSzFW.xvyJ7ge', 'CG', '1de71c13f95113d20d896a67a1bc7d80174a53b1021a7dac924bb2379921f5d896c2eba508195f148aee001e98aba9d38be3', 0, '2023-06-30 18:58:14.000000', '2023-06-30 18:58:14.894803');
INSERT INTO public.esgi_user (id, firstname, lastname, email, pwd, country, token, status, date_inserted, date_updated) VALUES (34, 'Laurel', 'MACEJKOVIC', 'francisco.koch@schuppe.com', '$2y$10$wmdk52hHs0y/q.Izw1aEKeE5MvMj57sHowHjEykDfrWqW4bcAqAmK', 'IN', '52cc0c89092c15b030911c7dc201f07e4ca08437152c03ab1500630be273081516e57471f2cfa0863807c7e8b31c525edc2b', 0, '2023-06-30 18:58:14.000000', '2023-06-30 18:58:14.939227');
INSERT INTO public.esgi_user (id, firstname, lastname, email, pwd, country, token, status, date_inserted, date_updated) VALUES (35, 'Jacey', 'WELCH', 'sjohns@yahoo.com', '$2y$10$II1sXsdjdF6fVP.3GOOHv..v6tlawQhtTk/6oMEZLcQ8PuFuWJ8dS', 'LU', 'f2762d6e04616fed50e3a377bd6c92f5afde00a4723aec992a904108186bfa1eb99dccb3b46b1944abda275cf9604855535b', 0, '2023-06-30 18:58:14.000000', '2023-06-30 18:58:14.982733');
INSERT INTO public.esgi_user (id, firstname, lastname, email, pwd, country, token, status, date_inserted, date_updated) VALUES (36, 'Clint', 'DENESIK', 'mohamed.jacobs@yost.com', '$2y$10$gJGlBV3Hkjpe5ZPO5LZUn.jJxsNiRkf3Ijs/n1v3EuAE5vRy4lRPi', 'MW', 'eadf8f4675b3830b4622ee61f40771d83338542eb5860fa9e334d54bccdabcac623b074e11c8e933f73da5d9313d30729c6d', 2, '2023-06-30 18:58:14.000000', '2023-06-30 18:58:15.026458');
INSERT INTO public.esgi_user (id, firstname, lastname, email, pwd, country, token, status, date_inserted, date_updated) VALUES (37, 'Adrien', 'BEATTY', 'reilly.windler@yahoo.com', '$2y$10$RCn3ZkzCZ42aRnyJzo8.s.E276mgIrC6buYg/.CeyOelHz2V6RnMC', 'TJ', '7b1039a4c388c10c69c41bd4248ebaa178cc201481e90b8ed759be4a6b95f9199bd953117e3b74fe9004941cdef4fbcb1a11', 0, '2023-06-30 18:58:15.000000', '2023-06-30 18:58:15.070064');
INSERT INTO public.esgi_user (id, firstname, lastname, email, pwd, country, token, status, date_inserted, date_updated) VALUES (38, 'Alicia', 'GORCZANY', 'lonzo.purdy@heaney.biz', '$2y$10$onejrUNI8joXuyDVquf0c.IbEtMYnIqwoGEsjH1xls7w8Hhzz.fHC', 'YT', 'cbe98470e354895283ceeb21b2d816ac8132c886c6879a1fcfd0bba09acb8da6588f0394e8cf65ce0847912cd7e61b2a38f6', 2, '2023-06-30 18:58:15.000000', '2023-06-30 18:58:15.115730');
INSERT INTO public.esgi_user (id, firstname, lastname, email, pwd, country, token, status, date_inserted, date_updated) VALUES (39, 'Garrick', 'NITZSCHE', 'yost.anne@bechtelar.com', '$2y$10$U3TY1juGTlsIwqlwFGAIj.kcHpeQozaBzUhSBAVMunx7hDO03WWj.', 'VI', 'f65038906c2042de80beb1909c0dd2a4ef6e01562373e794557a09b66d68696c2f81d00f479befc7f449d88fd61b04d7721a', 1, '2023-06-30 18:58:15.000000', '2023-06-30 18:58:15.159962');
INSERT INTO public.esgi_user (id, firstname, lastname, email, pwd, country, token, status, date_inserted, date_updated) VALUES (40, 'Camilla', 'SCHNEIDER', 'lemke.camila@hotmail.com', '$2y$10$tDVaaISQj9G3B2rnq0zzveD0cBROIfZbH2zbdX1iD61HaMfDfCy5u', 'BG', 'a7bfee05bf350e9f048f9bb0a5ddadfffabe6c49f3a0b8b500e6259e29c3b4efbbf30ae9ed1abc989f2c5b8e8179206c9f54', 2, '2023-06-30 18:58:15.000000', '2023-06-30 18:58:15.203453');
INSERT INTO public.esgi_user (id, firstname, lastname, email, pwd, country, token, status, date_inserted, date_updated) VALUES (41, 'Marlin', 'MOSCISKI', 'david44@hotmail.com', '$2y$10$sbWMXfUVzwws0ZwbTVmbo.nHe0Wzmr6H3vSKUgRvJj4h4u4p6vT3.', 'KY', '6f9a995fd780a21d4dd928807b69e7abfb5db0a1582a73a4bc089c7cdccd4b7440969640956642cedbca489fd9974c5e5867', 0, '2023-06-30 18:58:15.000000', '2023-06-30 18:58:15.247478');
INSERT INTO public.esgi_user (id, firstname, lastname, email, pwd, country, token, status, date_inserted, date_updated) VALUES (42, 'Murray', 'RYAN', 'minerva.quitzon@ankunding.com', '$2y$10$GXQ3AJzRws851GqrtjoUkejWQubqhVits3Ol.o14SrDv8IfFfbSAy', 'BL', '707c883a71489f30fbc48f67bfbfe0856c405bd7b8385c3c01cef6ec8302150911907e5a89089d82d14d39fa0949cb55dece', 0, '2023-06-30 18:58:15.000000', '2023-06-30 18:58:15.291155');
INSERT INTO public.esgi_user (id, firstname, lastname, email, pwd, country, token, status, date_inserted, date_updated) VALUES (43, 'Aditya', 'REYNOLDS', 'cheyenne.koch@gmail.com', '$2y$10$MmTJNzUpq2YqkmqmBsTQS.cN9BvkHumKrRU4aje3h3uKQ89wY8qxu', 'BO', '82b55bab9d2b898453fb2a18c381febccd44908b2c72d93e6efd87357c375c296ed853203f188a039aa8b8ba51aabb8703d1', 1, '2023-06-30 18:58:15.000000', '2023-06-30 18:58:15.334651');
INSERT INTO public.esgi_user (id, firstname, lastname, email, pwd, country, token, status, date_inserted, date_updated) VALUES (44, 'Ronaldo', 'WATERS', 'louisa.carter@yahoo.com', '$2y$10$xgM/Afldeb2QVtr67A/1zuaHs47Gd5X8.ck1G3kfCUCJgylRPRqrS', 'DJ', '004930b9e496f349bb757ea086437d1198a8aa403f2add06d72e76ac5a4546360ec67aed5a15a900d2be2af045e89f09b7b3', 2, '2023-06-30 18:58:15.000000', '2023-06-30 18:58:15.378398');
INSERT INTO public.esgi_user (id, firstname, lastname, email, pwd, country, token, status, date_inserted, date_updated) VALUES (45, 'Juliet', 'WIEGAND', 'maryjane36@hotmail.com', '$2y$10$rHIWQjD0YhQUOxoc0NREYOEXhd9tKK/BQw/O.DWUmMJ17LuYR.TaK', 'MQ', '918471765c96e1687c2c7110caffc43d2bff2515d77ad19736f8aab35842401301e3a5603826b2fb3d0634a63d10892674dc', 2, '2023-06-30 18:58:15.000000', '2023-06-30 18:58:15.422047');
INSERT INTO public.esgi_user (id, firstname, lastname, email, pwd, country, token, status, date_inserted, date_updated) VALUES (46, 'Benjamin', 'BORER', 'bartoletti.stewart@hodkiewicz.com', '$2y$10$wp8j2xKcs4BtRWXDBC8BZecmDlxQPn/Hz44posNIFmozq2mkTUetW', 'BI', '675f64fb02abc00e077e7dd1cc47a4c8cc35f2bb8901761e564a0db9f3f483a1e41abc167031208b2ff49a124c193add9ce8', 1, '2023-06-30 18:58:15.000000', '2023-06-30 18:58:15.466019');
INSERT INTO public.esgi_user (id, firstname, lastname, email, pwd, country, token, status, date_inserted, date_updated) VALUES (47, 'Alford', 'BAUCH', 'tlind@macejkovic.info', '$2y$10$5XwU/XwNXkblWu4eNcp9/.4fMvF3Mn05SG35QylokDt/F6kzx5tuS', 'TV', 'f88227b3f11b62e5a647efcc8eed59224a192c92c34757596315c04680bdd9180a159c7c5fb2e795d8a1089bbb7ad835faca', 2, '2023-06-30 18:58:15.000000', '2023-06-30 18:58:15.509862');
INSERT INTO public.esgi_user (id, firstname, lastname, email, pwd, country, token, status, date_inserted, date_updated) VALUES (48, 'Nicolette', 'WUNSCH', 'fyundt@yahoo.com', '$2y$10$otJVp2ZATy/koB.O8q2h.ei0aGfBkg/yVTF3q4srzi7wPVuY1L1Ya', 'ME', '0bbe53f366cc10db68b847e7887dc4819f4e9ded42499758a8787b40e1de6755a4f53eba1a44fdeb72887858eac19282fadc', 0, '2023-06-30 18:58:15.000000', '2023-06-30 18:58:15.553728');
INSERT INTO public.esgi_user (id, firstname, lastname, email, pwd, country, token, status, date_inserted, date_updated) VALUES (49, 'Dwight', 'EICHMANN', 'emmett.turner@yahoo.com', '$2y$10$fhYsbIFU8E0nuP8dwKPFYO5CRCl998t7yY9Rp1exH5KlGB0YjfvuO', 'AO', 'ecb4f40fd95fa3c2d04c159a50f29e3a1d2191877699af77e9c600497e0ab49e92d6b7fb70442167cdb7b17f9f56f5eb01e4', 2, '2023-06-30 18:58:15.000000', '2023-06-30 18:58:15.598863');
INSERT INTO public.esgi_user (id, firstname, lastname, email, pwd, country, token, status, date_inserted, date_updated) VALUES (50, 'Larissa', 'SAUER', 'klein.ken@feil.com', '$2y$10$B/LtexzFX0/nZdNqac1EVO7tNAGv7c5dsdVCJ8Y7WqW7rIAXh3CRK', 'YT', '05c7097708a259170855595dbab9975c68bd88855282770d98a2ea32421fc69f84868d4138b74a7b2b73af98e14743b141e7', 0, '2023-06-30 18:58:15.000000', '2023-06-30 18:58:15.642563');
INSERT INTO public.esgi_user (id, firstname, lastname, email, pwd, country, token, status, date_inserted, date_updated) VALUES (51, 'Dawn', 'CREMIN', 'dario10@hermann.com', '$2y$10$2jfjE7oJLCDD./FORYpbsOiw7eQfnmCUES3IW7uMoQgpRw0SZOUOe', 'TL', 'f5e8d40c3cdb1d11656ea090276781f09a1b5e256cd0353994a375dcd2fcfd1777d6303277cb03e70c45f4577ed19e63dbc2', 0, '2023-06-30 18:58:15.000000', '2023-06-30 18:58:15.686844');
INSERT INTO public.esgi_user (id, firstname, lastname, email, pwd, country, token, status, date_inserted, date_updated) VALUES (52, 'Madge', 'KUVALIS', 'oorn@ward.com', '$2y$10$lsy6qQnlsax5wqylAc9mo.b1O5h.LvXuAVZPm.gw.kksgPXaPmBji', 'TJ', '6b02b632781518b8dbf7563d30b0424f3bb3b872b814e280e994e6475855b3760770503d8b5c70cdff47ba86d19db2da1a24', 2, '2023-06-30 18:58:15.000000', '2023-06-30 18:58:15.730398');
INSERT INTO public.esgi_user (id, firstname, lastname, email, pwd, country, token, status, date_inserted, date_updated) VALUES (53, 'Yadira', 'WARD', 'kling.shayne@hotmail.com', '$2y$10$E4GqlSXguMva6YNPcUS7WuOt1.GwCBWzgpa10xYoJs4Z70WbNulo6', 'KH', 'ca2fd6b0ce4447b29eea3bddc4750cc625361401f961d5ee2d7ce7a52d87bf94cac0030695ddb0bd40f6941501909b8308e5', 1, '2023-06-30 18:58:15.000000', '2023-06-30 18:58:15.774639');
INSERT INTO public.esgi_user (id, firstname, lastname, email, pwd, country, token, status, date_inserted, date_updated) VALUES (54, 'Florencio', 'MAGGIO', 'zleuschke@hotmail.com', '$2y$10$HRU9oAzsUDVvT1pL6ipYr.OV4ZsWh44TfT7ItyuPkXU0R.PVa8BhC', 'BM', 'e9d86fc35d96d6f96e61965ad0499286304a4d2d364c49105917d4963b1af42e5a0baf923ff0ccd371594a2ddc38e6f5f5d5', 1, '2023-06-30 18:58:15.000000', '2023-06-30 18:58:15.818463');
INSERT INTO public.esgi_user (id, firstname, lastname, email, pwd, country, token, status, date_inserted, date_updated) VALUES (55, 'Hillary', 'MURPHY', 'stracke.heather@yahoo.com', '$2y$10$2kLwnMtzZwPnUFvl2moVY.tqywpiaLPaytGT3w15jsIko4qTi5g/y', 'PN', 'bebd09b9ead973dcdc6cdbfa172ee6bbf397009f223ea51504d942174d468a8551d7c695f3fdfe58478a7623249461363857', 0, '2023-06-30 18:58:15.000000', '2023-06-30 18:58:15.862285');
INSERT INTO public.esgi_user (id, firstname, lastname, email, pwd, country, token, status, date_inserted, date_updated) VALUES (56, 'Rodrick', 'KOSS', 'isabel.bosco@hotmail.com', '$2y$10$Ykr47mJB8TXHEcxIvvk7cuN3WLIDLBWD7YiBt2W9n9ToKo.L.Ng.G', 'MO', 'f3dfb64fcf3b6458560ca69218f145620849571d05d1559d656e4eb7ff3bf516284b97142abe9043273891de3435725c07a0', 0, '2023-06-30 18:58:15.000000', '2023-06-30 18:58:15.906469');
INSERT INTO public.esgi_user (id, firstname, lastname, email, pwd, country, token, status, date_inserted, date_updated) VALUES (57, 'Alvah', 'ANKUNDING', 'okey63@hotmail.com', '$2y$10$RhS7I4SFHyY3Rm2nmGNpO.cIe9AQhWKl8ywSrONkuYXW4EhVyfLi6', 'SC', '693524d056ee4e8cfb9d1e18a33b332cd2eb8d6f1a1af5a95250fca9b85fdfadbb5a7e7651921cf3efa51ceb839138ff7c92', 1, '2023-06-30 18:58:15.000000', '2023-06-30 18:58:15.949737');
INSERT INTO public.esgi_user (id, firstname, lastname, email, pwd, country, token, status, date_inserted, date_updated) VALUES (58, 'Sheila', 'ZIEME', 'chelsea33@hansen.com', '$2y$10$XnQBttZ9MFO7Wr3HyJyIqeLFq/DYZG8o8clkn0Xg3/1sMFKNaFNZ6', 'FK', '1c1651e4aeb77ec508b219efe35269e33933888f16349366c5eecc30cf15dedd190936176a6e678bc050990ac2e9f3fdbba9', 2, '2023-06-30 18:58:15.000000', '2023-06-30 18:58:15.994475');
INSERT INTO public.esgi_user (id, firstname, lastname, email, pwd, country, token, status, date_inserted, date_updated) VALUES (59, 'Lafayette', 'LEHNER', 'snitzsche@gmail.com', '$2y$10$lFatsJZxwBqQ.AxFD1uWvOe9sHMcmX24n0Vr7CcF7JzNafy.hJzXO', 'AI', '476b3e5296442a4d7bdfd2ec32ad072c9ba9db3462468fb0fb54c81ab64cf2962f82d4f3082b77418e2621c59f670bf16311', 1, '2023-06-30 18:58:15.000000', '2023-06-30 18:58:16.038307');
INSERT INTO public.esgi_user (id, firstname, lastname, email, pwd, country, token, status, date_inserted, date_updated) VALUES (60, 'Eloisa', 'WITTING', 'owiegand@volkman.com', '$2y$10$6nvL88RxqW4MWYedoEZuleR7zBjRxjXPVJGKbzkcQZHHglksp5bmC', 'LI', '64263ea1410233747afdfc31b5aafb6479367154bb7bd15c855181d6b3ee4ec669fbe0d0be83f658dcd6e46f0730b61404a8', 2, '2023-06-30 18:58:16.000000', '2023-06-30 18:58:16.082548');
INSERT INTO public.esgi_user (id, firstname, lastname, email, pwd, country, token, status, date_inserted, date_updated) VALUES (61, 'Boris', 'HAHN', 'robel.lucius@hackett.com', '$2y$10$.IPm7iSL4.d/zgRA1UdT3uPiRkqwf.wHrthvjdbRHGgZCFcPqaBbG', 'MQ', '53d1a70718ec8b48a50100b0d82241fdc066eb04226e4ce2ca04fe422390899f78cccf9cf819c895baaa4660df053883fad5', 2, '2023-06-30 18:58:16.000000', '2023-06-30 18:58:16.129006');
INSERT INTO public.esgi_user (id, firstname, lastname, email, pwd, country, token, status, date_inserted, date_updated) VALUES (62, 'Polly', 'HERMISTON', 'olson.coby@hotmail.com', '$2y$10$z9Z9ee6eRBZ.O7aR4ZwPl.xUE3iuX675qE0mpzbxsO7z/wi.b43o.', 'IL', 'c4995e14d547bf0a140fbef67924405931d6f9c7032647175fe30649e3b9805665980fbfd44b43b317e8794527c524a7651f', 2, '2023-06-30 18:58:16.000000', '2023-06-30 18:58:16.172721');
INSERT INTO public.esgi_user (id, firstname, lastname, email, pwd, country, token, status, date_inserted, date_updated) VALUES (63, 'Anais', 'BEER', 'zebert@monahan.com', '$2y$10$xPxgvXuNCQzyCWxDw0S4T.ATE5uO8BYF6BLF5RVx/ZBZslj2QUX3K', 'AW', '4a760265fc40be13690f1afabe779a87f24796e1d776acaa92dcec7e9fd9e49d5110abba8bceba33a6a5d253e7adbea6339a', 0, '2023-06-30 18:58:16.000000', '2023-06-30 18:58:16.216679');
INSERT INTO public.esgi_user (id, firstname, lastname, email, pwd, country, token, status, date_inserted, date_updated) VALUES (64, 'Hortense', 'BOGAN', 'zwiza@hotmail.com', '$2y$10$0qJ4OpEj2NqEgjT/BiTc/u1edgy.zb97t4VXFBwDyNFjnvxO2sTHC', 'LA', '0f167a45de76be62e5f853b03700f57b4aada26c4f097d297986d23c046dbade05a6528be2fd0b3d80bd9740e1b9ef9f4475', 0, '2023-06-30 18:58:16.000000', '2023-06-30 18:58:16.260741');
INSERT INTO public.esgi_user (id, firstname, lastname, email, pwd, country, token, status, date_inserted, date_updated) VALUES (65, 'Maia', 'REINGER', 'keeling.juliana@gmail.com', '$2y$10$O6CNrzt9Pevtgtqn6zaQ7uYOMDNH0qgyXXZ0eUoso19mPSiuWxHD.', 'IS', '518147853a13e02fdf62a43e603931199295cf0c255efe7fad3383ad22c0b34875707cec8e6f49daa82f54b84836940bee5d', 0, '2023-06-30 18:58:16.000000', '2023-06-30 18:58:16.304671');
INSERT INTO public.esgi_user (id, firstname, lastname, email, pwd, country, token, status, date_inserted, date_updated) VALUES (66, 'Natasha', 'HETTINGER', 'wbecker@gibson.net', '$2y$10$9fLUD.tCKnRDABvjZ978Z.LGQC5GZIJb6hbT0qDIigQYMCjcV4yky', 'KN', 'eb1c604401cd716fbbe556d9b42eb9e7ef358e1999daab67686fc8fddf0d455147eaf54e05b20b98f7c57f4454cc59f010b8', 0, '2023-06-30 18:58:16.000000', '2023-06-30 18:58:16.348512');
INSERT INTO public.esgi_user (id, firstname, lastname, email, pwd, country, token, status, date_inserted, date_updated) VALUES (67, 'Alexys', 'KIRLIN', 'mosciski.donnie@rogahn.org', '$2y$10$srbYP.321IL/7XLYKYbHMOtDPoFeEC4.Z500bi3qSeN8AgRJePjgS', 'KM', 'dfc6996c53f44e087eb90bf9db9fef0fc7b05ebbf5319bcd198b38ddb57b2e5ad6eee6796bfdc83088ddb7e63797a51bd798', 1, '2023-06-30 18:58:16.000000', '2023-06-30 18:58:16.393050');
INSERT INTO public.esgi_user (id, firstname, lastname, email, pwd, country, token, status, date_inserted, date_updated) VALUES (68, 'Bethany', 'NADER', 'kasey.sanford@hotmail.com', '$2y$10$1iFoor8J.eHraNZfSM1SFOC4ufKrchd6TTNUFzBJQvIKZosDzVdi.', 'IL', 'fce7037bebd2ab4303fafa041fa95ff1cea552f72f0fc60860c4abc850dbc7457ae1028265baa5fe3cacd98dca93733ed55f', 2, '2023-06-30 18:58:16.000000', '2023-06-30 18:58:16.436540');
INSERT INTO public.esgi_user (id, firstname, lastname, email, pwd, country, token, status, date_inserted, date_updated) VALUES (69, 'Marilou', 'SCHROEDER', 'vmorar@gmail.com', '$2y$10$94Q5r4xGyiMdoRLTZO62TOVm5QCjqDXsZyYIW6Z3UvDtQINrxpy22', 'GI', '4cf59d8354a1aa3b72e60c17e5dc7fe44f9543d2e24c6ab789c35d6b65ffa5ca4c26c0de63ded30a4615b82ac827d0a73c3b', 2, '2023-06-30 18:58:16.000000', '2023-06-30 18:58:16.480308');
INSERT INTO public.esgi_user (id, firstname, lastname, email, pwd, country, token, status, date_inserted, date_updated) VALUES (70, 'Markus', 'O''KON', 'flehner@yahoo.com', '$2y$10$9eeElFc20jiAMHSLR4iCBOtwhrQ5AXnnijjRwPXQQlYpfv9xQZX6y', 'NC', '84063420aff48452f73ac7bb77e70e201ae1cb809acea5f549ebe7e05c8b2ffdb520367a5c28addc3033158d2c643b6b4503', 2, '2023-06-30 18:58:16.000000', '2023-06-30 18:58:16.523851');
INSERT INTO public.esgi_user (id, firstname, lastname, email, pwd, country, token, status, date_inserted, date_updated) VALUES (71, 'Shaylee', 'BROWN', 'abosco@bashirian.com', '$2y$10$cjBzdXcRHHV.9xbrWKNfMO8WMc3jEzcup5vGKkVjAhMVardYdDZui', 'SK', '030bd5fe9a01d9e2353ad382783a357c3e85702cf89730a4e77ec6374def1ab65c614e8f0fc7799d7b1bbd3701f82ba33710', 0, '2023-06-30 18:58:16.000000', '2023-06-30 18:58:16.567503');
INSERT INTO public.esgi_user (id, firstname, lastname, email, pwd, country, token, status, date_inserted, date_updated) VALUES (72, 'Myrtie', 'BEIER', 'nicolette.kunde@yahoo.com', '$2y$10$qycXUsswVaqEyzkIG28TceXJSingxwVKKFnhWPkTSNvXMCLZulC32', 'ZA', '0dc64917306e905b42b6a80b5a3061c60d10cbf38d699c103a3ab6da106b2b4b54eae698073cf4fed76b0250e8932d0d3ca7', 0, '2023-06-30 18:58:16.000000', '2023-06-30 18:58:16.611275');
INSERT INTO public.esgi_user (id, firstname, lastname, email, pwd, country, token, status, date_inserted, date_updated) VALUES (73, 'Toby', 'FEIL', 'fwintheiser@jerde.com', '$2y$10$S7kuUyd449B9X59VU0T93.fXT3ti0Kf0TmLier0GeNvff0.kBleRS', 'YT', '39c07d62c258b46c6942c28e615f4b323109db99321ce200fd0bb4379ed4d3932c561e6be41b937d9d23880c3a83e65d6494', 0, '2023-06-30 18:58:16.000000', '2023-06-30 18:58:16.655357');
INSERT INTO public.esgi_user (id, firstname, lastname, email, pwd, country, token, status, date_inserted, date_updated) VALUES (74, 'Kathryne', 'DAUGHERTY', 'ischiller@ziemann.com', '$2y$10$vXoqh7FMy0R6dLv8dfj03eus/4VnlKbHUsslfdZeKN/mF6p/xhHxm', 'NL', '43624f2ab0821023ed7e0c548f5dca11e75dcf0ad200eb678e7bdb78db71b2bdfffaf55b0711da9476468e8bba85c602dd9a', 2, '2023-06-30 18:58:16.000000', '2023-06-30 18:58:16.698781');
INSERT INTO public.esgi_user (id, firstname, lastname, email, pwd, country, token, status, date_inserted, date_updated) VALUES (75, 'William', 'LEGROS', 'dhauck@hotmail.com', '$2y$10$RVtgRhv5Df9nKOx4rpL8f.nSg/baOri2uzrAXqSOkWlbosuQjygKS', 'NZ', 'a4281596607f68a731f4e7dfc02cebeeae92e7d73f7d8836b62d82456d2e22863d150c02444fa8c0cfc408ba714297419854', 2, '2023-06-30 18:58:16.000000', '2023-06-30 18:58:16.742626');
INSERT INTO public.esgi_user (id, firstname, lastname, email, pwd, country, token, status, date_inserted, date_updated) VALUES (76, 'Erica', 'KLOCKO', 'runolfsdottir.noemy@larson.info', '$2y$10$7K.cYk/YyE66aTjB94X6dO84VP5qhK6jsxqN.YwAjW4yWcZckfsaa', 'PG', '763f17d93155c1c12a4fcfb313bf3046dde9adf93b1f9345289fab3e6dd9dce69c7366325d3a370e92bf52e1be0cff8d2732', 2, '2023-06-30 18:58:16.000000', '2023-06-30 18:58:16.787509');
INSERT INTO public.esgi_user (id, firstname, lastname, email, pwd, country, token, status, date_inserted, date_updated) VALUES (77, 'Barrett', 'MURAZIK', 'cristal.carter@yahoo.com', '$2y$10$E6vfTUgfMzztvcWzbZdFdO6SCpDCQnwOCBNxSI9cJEFaO15sKgEEm', 'ME', '8dcf7c955cd9fc04effa231026d98762ebea08e96bb3b416f94fd1a7c9eca16408abdcb72b21346e9ecdf13085e5cc70b20e', 1, '2023-06-30 18:58:16.000000', '2023-06-30 18:58:16.831004');
INSERT INTO public.esgi_user (id, firstname, lastname, email, pwd, country, token, status, date_inserted, date_updated) VALUES (78, 'Bria', 'MRAZ', 'iwolff@hotmail.com', '$2y$10$zBJXqFUjvz1slZPKiNMOGuUu9BxbcCEJgmPUTcUXO2AWXyq5qspEi', 'ML', '5da9ba13b35915f36747b6acb94bfc76c65a73a52aa6ab6f4db3c8af22b289c4bc71786c71cc90a122b3f4840c9f12dc5d93', 1, '2023-06-30 18:58:16.000000', '2023-06-30 18:58:16.875027');
INSERT INTO public.esgi_user (id, firstname, lastname, email, pwd, country, token, status, date_inserted, date_updated) VALUES (79, 'Octavia', 'NITZSCHE', 'albin.leuschke@lebsack.org', '$2y$10$JrDIOiDUHDU3toFJTLrnvOhh4kDCJQtOGl52897JI3RHiBm4cpDWm', 'MH', '612529e65a50d01ca360ae6ded0100a44a5471794712fb2ec9753318550a87e1427344dd4a528311213d7b3502ff8c803c40', 0, '2023-06-30 18:58:16.000000', '2023-06-30 18:58:16.919885');
INSERT INTO public.esgi_user (id, firstname, lastname, email, pwd, country, token, status, date_inserted, date_updated) VALUES (80, 'Ronaldo', 'LUBOWITZ', 'schinner.tessie@hotmail.com', '$2y$10$KGeHccfB154Si57vUI5PKOUkEFNgJhTt0eYIhV0GSpyfe5tH9OCpm', 'LT', 'e648820a85705998d4f8871c126af118a4e7b5143412f28f7f53fd7258609e1b0603b7804f1405602a368a4b977de38ed590', 2, '2023-06-30 18:58:16.000000', '2023-06-30 18:58:16.963561');
INSERT INTO public.esgi_user (id, firstname, lastname, email, pwd, country, token, status, date_inserted, date_updated) VALUES (81, 'David', 'WALSH', 'jany.cremin@fadel.biz', '$2y$10$Tlw6YhaFyCMmNWZBy8JyFuM10w5t3Nj2dp6SCpUIf6b1rEXKMGISq', 'ME', '1fda7fe27ccfde0b20caa82b9e32582ba9ec6a3ad98dda5333ba7a0dedb19fde01dcb4676f908ce38353183a8122f3e413f1', 2, '2023-06-30 18:58:16.000000', '2023-06-30 18:58:17.007537');
INSERT INTO public.esgi_user (id, firstname, lastname, email, pwd, country, token, status, date_inserted, date_updated) VALUES (82, 'Terence', 'WEST', 'mferry@yahoo.com', '$2y$10$1EbJom9FnRNc97aNIzMeUuKlzBExkds/aFZ3LLaLVsZM5re3eHlFe', 'TW', 'd5d356f832b2e54945e469bea585dbd11a1c25d8b3cb3fafe0cfa2fe71f7767616fff359cfbf06d5c03a0bf56f7dc1c18bd4', 0, '2023-06-30 18:58:17.000000', '2023-06-30 18:58:17.051189');
INSERT INTO public.esgi_user (id, firstname, lastname, email, pwd, country, token, status, date_inserted, date_updated) VALUES (83, 'Dolores', 'WALSH', 'tkemmer@vandervort.net', '$2y$10$GT2ImbnfpWmPRdy6PTMc8.EHhIy1HgLPf1NrGlfXQGJT3dFVpoccO', 'SI', '534e30c10aba02d96abb034831e237d99d838aa79094b2592629e70397b8e08c93605b805e304cffa7c2132566dde24301c2', 2, '2023-06-30 18:58:17.000000', '2023-06-30 18:58:17.094785');
INSERT INTO public.esgi_user (id, firstname, lastname, email, pwd, country, token, status, date_inserted, date_updated) VALUES (84, 'Weldon', 'ROBEL', 'coty.koelpin@hotmail.com', '$2y$10$sdh9fqdxzawybkis3oNocuVCmW.cZeBKEZPfWPRZGjtlH3i3aAfZm', 'BG', '3d865d36f81cc4c20ae4b641cbe0aa08591260fd9c9cbd99c3d6230ee8d00d9e229d5a2f167fd4cbdbef88a50fbe16461daa', 0, '2023-06-30 18:58:17.000000', '2023-06-30 18:58:17.138402');
INSERT INTO public.esgi_user (id, firstname, lastname, email, pwd, country, token, status, date_inserted, date_updated) VALUES (85, 'Concepcion', 'HAAG', 'abbott.cloyd@hills.com', '$2y$10$K5fMu0owN9Er5eU83C7i4eqM6.vDg8OPUE9KUFop0u0rP67mQL/G2', 'MA', '19f82270953a730f4eb195df36e450989f9424b6d6a6b89d8371098e471f99a2288bbd72d013b804f426645a5694108600d5', 0, '2023-06-30 18:58:17.000000', '2023-06-30 18:58:17.182164');
INSERT INTO public.esgi_user (id, firstname, lastname, email, pwd, country, token, status, date_inserted, date_updated) VALUES (86, 'Thaddeus', 'BEATTY', 'cornelius.kreiger@jast.com', '$2y$10$uEv4eqgy9cFk63IjhMPR4uycHR.20rejjAeOGawUMjfcsrbmiorDi', 'CR', '7671c27e738b68a132771a25a3ce9b0d6dc131b86bf8bfd64ab25135eeca873e62100bac0eeaf174f4c195cdfd35361cfa1d', 2, '2023-06-30 18:58:17.000000', '2023-06-30 18:58:17.226307');
INSERT INTO public.esgi_user (id, firstname, lastname, email, pwd, country, token, status, date_inserted, date_updated) VALUES (87, 'Derrick', 'BERGSTROM', 'jessyca16@kutch.org', '$2y$10$aEgZ2EsP7fpJj8VzsqlQFuEefw5IU8AaxcOS5ii8jZ4A0mD1DaRla', 'PE', 'f82d2c69f66e67b3400cb41fae0006c5bccffbd2d8b31d85eead45a05222e1e20d067511e0bcc33f6d3871c90307e058fd6a', 0, '2023-06-30 18:58:17.000000', '2023-06-30 18:58:17.270701');
INSERT INTO public.esgi_user (id, firstname, lastname, email, pwd, country, token, status, date_inserted, date_updated) VALUES (88, 'Kaden', 'CRIST', 'emie.fay@yahoo.com', '$2y$10$8HfI9SNvZ.NgTiF9Sv/MuO/u4pk0.Pf7xVpCS9ensw5Xv1WcqdYBW', 'BD', '538b0de8293b4c4078f5232133ac7fa5eb455d58c4294af9599a7e0570b81813903f0a69c239d1cb26971ae68c1e5441c676', 2, '2023-06-30 18:58:17.000000', '2023-06-30 18:58:17.314594');
INSERT INTO public.esgi_user (id, firstname, lastname, email, pwd, country, token, status, date_inserted, date_updated) VALUES (89, 'Loyal', 'JAST', 'kris.aaron@ruecker.com', '$2y$10$gVgQWYDjHWqpG0OLh7/R8O5F8TfKKI/LPVCXUQd8hndqsccnw1SYi', 'DE', '70c38e03ed665bc85dfbe20f13d02e5453aba2fa15437d59a3be9cc1d4bc2e79abe0d91d5e5c5db48953a291bfd22ce96888', 2, '2023-06-30 18:58:17.000000', '2023-06-30 18:58:17.358462');
INSERT INTO public.esgi_user (id, firstname, lastname, email, pwd, country, token, status, date_inserted, date_updated) VALUES (90, 'Kathleen', 'MURRAY', 'kgusikowski@hotmail.com', '$2y$10$C.zwltWBGx7nOpaB6nx4lODC62AzFyBzns1ciLM3J6cOYKIrne13W', 'VG', '401908232fec0e32e57bb4e65530cfbf789a82d3e1b011e84733578531f055dd3b948f7c0bb9eba79d0394e3196f40ee66f5', 2, '2023-06-30 18:58:17.000000', '2023-06-30 18:58:17.402297');
INSERT INTO public.esgi_user (id, firstname, lastname, email, pwd, country, token, status, date_inserted, date_updated) VALUES (91, 'Elnora', 'HARRIS', 'yundt.gabrielle@gmail.com', '$2y$10$FRLAZY4BWuWFeNly8ChT4.Jax4l6oZv/rAKbt831Ii9i8sekeBtFa', 'GB', '63786cd4bef1c74a10c2ca678c48e1bf31768f88a905e2ebaccf470e9c6bd9132a4fcb379bc3a9e44e380bfaa076836a1078', 2, '2023-06-30 18:58:17.000000', '2023-06-30 18:58:17.446009');
INSERT INTO public.esgi_user (id, firstname, lastname, email, pwd, country, token, status, date_inserted, date_updated) VALUES (92, 'Reynold', 'BERGSTROM', 'marian.daniel@gmail.com', '$2y$10$aBCUSQVKGiKWJDE7bNb4g.NtxoFo/u/VfeaEdDZHyvOgJCToqz9SO', 'AQ', '607eba790bb84681f0e2ced01f3435582eca3986d689471d20cc252306ad9b4b96fa5420cdd3a92ade78b24dd5904ff5dce6', 2, '2023-06-30 18:58:17.000000', '2023-06-30 18:58:17.490168');
INSERT INTO public.esgi_user (id, firstname, lastname, email, pwd, country, token, status, date_inserted, date_updated) VALUES (93, 'Lee', 'MULLER', 'rachelle74@langosh.com', '$2y$10$mDb8CCsK23pnLz4cnSGxFOYQUMb3sQu4lnAQVdW89YnhdnOm59Z.q', 'UG', '8e1a7d1f2e5d1b13b0e320f11dca021b000bc3ab4344b128301e1fcf01c501251b4a2e1345b524699a7b24ef869695bc18e5', 2, '2023-06-30 18:58:17.000000', '2023-06-30 18:58:17.534305');
INSERT INTO public.esgi_user (id, firstname, lastname, email, pwd, country, token, status, date_inserted, date_updated) VALUES (94, 'Bailee', 'BRAUN', 'shyann.schmidt@brakus.info', '$2y$10$DvIRmTO8Fa78gg0rRLCMG.w8kWyCzx6Mc6ZLM/uepfYGxSStpBD5G', 'MO', '00af1e39e9f0c53a24aaeeee8aecbdc1e0c2b866cb513fafb3ece10c755726191e8a4e41779f807053d7562ae8eb4036eb84', 1, '2023-06-30 18:58:17.000000', '2023-06-30 18:58:17.578415');
INSERT INTO public.esgi_user (id, firstname, lastname, email, pwd, country, token, status, date_inserted, date_updated) VALUES (95, 'Emery', 'LARKIN', 'lbernier@thiel.net', '$2y$10$5WnhEz1io3lssnQp8axLG.D3zYZ8smoSJIHIArQZY4HHHMbkx3Qwq', 'VN', '1ac33097fc8c504ee80e502fe0d464b55345c8cb8cf0ab1365f95ddaaad1305cdc41e55d0b83b4c7722e90d95ea60682f787', 2, '2023-06-30 18:58:17.000000', '2023-06-30 18:58:17.621935');
INSERT INTO public.esgi_user (id, firstname, lastname, email, pwd, country, token, status, date_inserted, date_updated) VALUES (96, 'Kaylin', 'BASHIRIAN', 'pzemlak@hotmail.com', '$2y$10$v.M8I5Q2fg6.F85rBFml8uEe9x4HqsVXlhf1tWM10WH8D2cx0TDIa', 'WF', 'debbe58a1254fafc6f60a09164e9bde2e7ed04a6205b759952707ba5f6a80676f6249099ff98da9aea81f089906b0a3f0339', 1, '2023-06-30 18:58:17.000000', '2023-06-30 18:58:17.665760');
INSERT INTO public.esgi_user (id, firstname, lastname, email, pwd, country, token, status, date_inserted, date_updated) VALUES (97, 'Jerald', 'RITCHIE', 'predovic.sofia@yahoo.com', '$2y$10$6RmEo7Sr3vA4rvT8Ody9IOYb/WJAhd1p29bxtplVkVL1hJC8mba7u', 'GA', '911c1effa9215ff29d8d44b2b363afd7b00fd526df95c1e0e37e23ae789cceff71c54e5174a4678c168b4404f8df534b073f', 2, '2023-06-30 18:58:17.000000', '2023-06-30 18:58:17.710225');
INSERT INTO public.esgi_user (id, firstname, lastname, email, pwd, country, token, status, date_inserted, date_updated) VALUES (98, 'Camila', 'REICHEL', 'denesik.gail@wuckert.com', '$2y$10$nLdl3xmb2tlgLFmPgrszQ.5jgHkmXO/flz4QA8pJy3RNYxhfIfd7q', 'BL', '7e4707f474d6f58f0df4b88ee7d1aedcaac1ddc83f8bc0c83926a3e75a18f01aaf3b44115950cce34e507d5572b2333762a2', 1, '2023-06-30 18:58:17.000000', '2023-06-30 18:58:17.755914');
INSERT INTO public.esgi_user (id, firstname, lastname, email, pwd, country, token, status, date_inserted, date_updated) VALUES (99, 'Clay', 'STIEDEMANN', 'cecil42@considine.com', '$2y$10$G3Mi5Ks2qWFoxywfEYPcPONS.iZBpWHUo9VicW8d/DR4Gw25nf3K2', 'GN', '5cb4fbbae4849ef87322e1304128cce00d8782c545b98db4cbbacffffb504698162464aa38b96a86826eb566790271f933be', 0, '2023-06-30 18:58:17.000000', '2023-06-30 18:58:17.800145');
INSERT INTO public.esgi_user (id, firstname, lastname, email, pwd, country, token, status, date_inserted, date_updated) VALUES (100, 'Ayden', 'KUHLMAN', 'ogoldner@hotmail.com', '$2y$10$nk7HOPvqE0CTaOthC0n//u78iBzgywWL5jIzy0W3CFByLy7D6byZi', 'CY', 'ac4101db3fe285a9f396e9a682b65915b5c63f92cd846b844431b9075fd8dd3cd7eeb1ca1baa7c0dae3cb68888eb867407bb', 2, '2023-06-30 18:58:17.000000', '2023-06-30 18:58:17.844107');
INSERT INTO public.esgi_user (id, firstname, lastname, email, pwd, country, token, status, date_inserted, date_updated) VALUES (101, 'Everardo', 'GUSIKOWSKI', 'hoeger.elvis@gutmann.com', '$2y$10$oIIxXrc47uwgfhD2wZOLDeAOI1qbQIstSkHm3uy4FuaKroUyVWLNe', 'BD', '7935bfab7a1d991df50785b0e177efb5d8cceed70e223c6e7f8006b6f7c03eb14cc95455ff40e9374790262ec5681a274029', 1, '2023-06-30 18:58:17.000000', '2023-06-30 18:58:17.887937');
SELECT setval('esgi_user_id_seq', (SELECT MAX(id) FROM esgi_user));


INSERT INTO public.esgi_film (id, title, description, year, length, category, date_inserted, date_updated) VALUES (1, 'Alias ratione.', 'At illo saepe aspernatur veritatis voluptatem vero voluptatem. Qui quisquam ipsa qui beatae voluptate molestiae. Omnis sit sunt reiciendis velit.', 1982, 152, 'action', '2023-07-07 14:58:41.964615', '2023-07-07 14:58:41.964615');
INSERT INTO public.esgi_film (id, title, description, year, length, category, date_inserted, date_updated) VALUES (2, 'Qui est odit distinctio.', 'Amet rem sit necessitatibus laborum. Consequatur ut velit consequatur a. Consectetur cupiditate nam ea nemo. Suscipit perferendis nam facilis aut aliquid action.', 2009, 65, 'sed', '2023-07-07 14:58:41.971543', '2023-07-07 14:58:41.971543');
INSERT INTO public.esgi_film (id, title, description, year, length, category, date_inserted, date_updated) VALUES (3, 'Distinctio nihil qui.', 'Impedit modi porro commodi quia. Odio corrupti voluptatibus voluptas corrupti sapiente quo. Dolor qui at sit consequatur eum tempora laudantium.', 2012, 164, 'action', '2023-07-07 14:58:41.978064', '2023-07-07 14:58:41.978064');
INSERT INTO public.esgi_film (id, title, description, year, length, category, date_inserted, date_updated) VALUES (4, 'Quis ut aut repudiandae nesciunt.', 'Possimus ut quia nesciunt mollitia quo. Velit id iusto iusto voluptas maxime.', 1990, 151, 'action', '2023-07-07 14:58:41.984693', '2023-07-07 14:58:41.984693');
INSERT INTO public.esgi_film (id, title, description, year, length, category, date_inserted, date_updated) VALUES (5, 'Accusamus blanditiis consequatur sit.', 'Est ducimus iure dolor non tempora nulla aliquid. Aut iusto quod reiciendis. Nulla ut repellat consequatur harum facilis sed fugit.', 1997, 159, 'action', '2023-07-07 14:58:41.991845', '2023-07-07 14:58:41.991845');
INSERT INTO public.esgi_film (id, title, description, year, length, category, date_inserted, date_updated) VALUES (6, 'Voluptate harum qui.', 'Unde quaerat officia aut et harum et dolor. Sunt aliquam non vel nihil et placeat. Qui dignissimos eaque consequuntur mollitia consequuntur officiis ipsum.', 1985, 82, 'action', '2023-07-07 14:58:41.998907', '2023-07-07 14:58:41.998907');
INSERT INTO public.esgi_film (id, title, description, year, length, category, date_inserted, date_updated) VALUES (7, 'Sint saepe.', 'In qui voluptas nostrum. Et dolor hic placeat. Totam suscipit eum repellat consequuntur provident dolor aut.', 2007, 77, 'action', '2023-07-07 14:58:42.006031', '2023-07-07 14:58:42.006031');
INSERT INTO public.esgi_film (id, title, description, year, length, category, date_inserted, date_updated) VALUES (8, 'Odit fugiat et in.', 'Blanditiis tenetur qui eaque deserunt sapiente quidem. Provident eos pariatur distinctio voluptatem.', 1993, 101, 'action', '2023-07-07 14:58:42.013462', '2023-07-07 14:58:42.013462');
INSERT INTO public.esgi_film (id, title, description, year, length, category, date_inserted, date_updated) VALUES (9, 'Consequatur non.', 'Quia nesciunt quo aut quasi ea ipsum distinctio. Pariatur vel aut voluptas. Doloremque dolorem dignissimos explicabo animi. Nihil ab alias eaque quam.', 1972, 152, 'action', '2023-07-07 14:58:42.020612', '2023-07-07 14:58:42.020612');
INSERT INTO public.esgi_film (id, title, description, year, length, category, date_inserted, date_updated) VALUES (10, 'Dolorem placeat qui eveniet.', 'Vel aut sit nostrum laboriosam voluptatem pariatur. Accusamus sapiente saepe perspiciatis vel vitae eveniet culpa. Tempora commodi corporis nostrum ut.', 1976, 168, 'action', '2023-07-07 14:58:42.027817', '2023-07-07 14:58:42.027817');
INSERT INTO public.esgi_film (id, title, description, year, length, category, date_inserted, date_updated) VALUES (11, 'Aut voluptas quia.', 'Ad consequatur est adipisci in quibusdam sint. Soluta ipsa ut pariatur vero sunt aut et. Quis perspiciatis quod ea voluptatem.', 1975, 87, 'action', '2023-07-07 14:58:42.035068', '2023-07-07 14:58:42.035068');
INSERT INTO public.esgi_film (id, title, description, year, length, category, date_inserted, date_updated) VALUES (12, 'Est asperiores quo inventore.', 'Sunt minima odit sapiente est non officiis. Voluptatem in consectetur explicabo qui quia nulla. Est accusantium tempora ducimus qui. Sequi nihil reiciendis molestiae.', 2000, 113, 'action', '2023-07-07 14:58:42.042479', '2023-07-07 14:58:42.042479');
INSERT INTO public.esgi_film (id, title, description, year, length, category, date_inserted, date_updated) VALUES (13, 'Aut ducimus sapiente.', 'Voluptas quia enim autem iusto ratione doloremque natus. Sit repellat impedit voluptatem omnis beatae doloremque maxime. Nesciunt nostrum quisquam molestias velit.', 2009, 116, 'action', '2023-07-07 14:58:42.049614', '2023-07-07 14:58:42.049614');
INSERT INTO public.esgi_film (id, title, description, year, length, category, date_inserted, date_updated) VALUES (14, 'Aut veniam ut cum.', 'Dolorem eos corporis saepe quam. Nesciunt quia eos error aperiam accusantium iure. Rem ut laudantium dolorem ipsum saepe est et. Quaerat tempora aliquid est.', 1988, 65, 'action', '2023-07-07 14:58:42.056640', '2023-07-07 14:58:42.056640');
INSERT INTO public.esgi_film (id, title, description, year, length, category, date_inserted, date_updated) VALUES (15, 'Et laborum tenetur soluta.', 'Cumque esse qui dolore laboriosam. Et facere beatae nesciunt quae iusto magni et. Voluptas id aut consequuntur doloremque quos aspernatur. Ea et in quaerat asperiores dolore.', 1991, 107, 'action', '2023-07-07 14:58:42.063953', '2023-07-07 14:58:42.063953');
INSERT INTO public.esgi_film (id, title, description, year, length, category, date_inserted, date_updated) VALUES (16, 'Voluptatem dolorem aut.', 'A hic mollitia harum et. Expedita et aspernatur non ab unde non ut. Rerum facilis ea aut nesciunt voluptatibus eaque incidunt architecto.', 1990, 73, 'action', '2023-07-07 14:58:42.070973', '2023-07-07 14:58:42.070973');
INSERT INTO public.esgi_film (id, title, description, year, length, category, date_inserted, date_updated) VALUES (17, 'Quod quis.', 'Perspiciatis quidem in aliquam ratione. Eligendi dolores et et omnis aut non et. Tenetur illo doloribus expedita omnis facilis sunt quis. Et non esse minus et. Cumque veniam culpa molestiae nam.', 2019, 140, 'action', '2023-07-07 14:58:42.078102', '2023-07-07 14:58:42.078102');
INSERT INTO public.esgi_film (id, title, description, year, length, category, date_inserted, date_updated) VALUES (18, 'Natus dolore.', 'A voluptas voluptates itaque quis. Quaerat enim labore cum odio et. Voluptatum nulla harum et esse eaque hic. Molestiae molestiae numquam corrupti sint. Consequatur omnis qui ad labore.', 1985, 103, 'drama', '2023-07-07 14:58:42.084859', '2023-07-07 14:58:42.084859');
INSERT INTO public.esgi_film (id, title, description, year, length, category, date_inserted, date_updated) VALUES (19, 'Nobis quasi nostrum.', 'Magnam quis similique ipsa asperiores. Quae enim voluptatem voluptatem reprehenderit distinctio. Eaque ipsum numquam quia accusantium. Alias in quisquam et. Tempora et sunt magnam excepturi.', 2012, 169, 'drama', '2023-07-07 14:58:42.092130', '2023-07-07 14:58:42.092130');
INSERT INTO public.esgi_film (id, title, description, year, length, category, date_inserted, date_updated) VALUES (20, 'Rem quisquam libero exercitationem.', 'Fuga accusantium aut in voluptatum harum nihil id. Assumenda illum maxime enim molestias voluptas sint.', 2008, 89, 'drama', '2023-07-07 14:58:42.099798', '2023-07-07 14:58:42.099798');
INSERT INTO public.esgi_film (id, title, description, year, length, category, date_inserted, date_updated) VALUES (21, 'Aliquid assumenda animi.', 'Numquam odio distinctio rerum nostrum minima reprehenderit omnis nihil. Odio culpa soluta maxime temporibus rerum non.', 1992, 180, 'drama', '2023-07-07 14:58:42.107338', '2023-07-07 14:58:42.107338');
INSERT INTO public.esgi_film (id, title, description, year, length, category, date_inserted, date_updated) VALUES (22, 'Voluptas ipsum rerum.', 'Aliquid quo eum fugit voluptatem repellat. Nam quaerat doloribus sint exercitationem ut vitae. Odio incidunt aliquid consequatur labore ipsam at.', 2002, 92, 'drama', '2023-07-07 14:58:42.114139', '2023-07-07 14:58:42.114139');
INSERT INTO public.esgi_film (id, title, description, year, length, category, date_inserted, date_updated) VALUES (23, 'Qui quam non et vel.', 'Est adipisci reprehenderit soluta rerum aspernatur dolor in optio. Voluptatum quos veritatis sit laboriosam qui reprehenderit dolor illo. Voluptatem debitis provident incidunt perspiciatis.', 2018, 153, 'drama', '2023-07-07 14:58:42.121402', '2023-07-07 14:58:42.121402');
INSERT INTO public.esgi_film (id, title, description, year, length, category, date_inserted, date_updated) VALUES (24, 'Distinctio animi aliquam dolor.', 'Ipsum quidem qui reprehenderit omnis. Eos tempore facere aperiam ut. Praesentium numquam eligendi consequuntur.', 1991, 125, 'drama', '2023-07-07 14:58:42.128268', '2023-07-07 14:58:42.128268');
INSERT INTO public.esgi_film (id, title, description, year, length, category, date_inserted, date_updated) VALUES (25, 'Ab assumenda perspiciatis.', 'Voluptates culpa autem dolore cumque dicta. Modi necessitatibus vel et mollitia qui qui.', 1990, 105, 'drama', '2023-07-07 14:58:42.135054', '2023-07-07 14:58:42.135054');
INSERT INTO public.esgi_film (id, title, description, year, length, category, date_inserted, date_updated) VALUES (26, 'Molestiae quod doloremque quo.', 'Occaecati laboriosam quis id facere. Consectetur cumque commodi sequi optio omnis voluptas recusandae. Perferendis ex aperiam aut. Perferendis nesciunt ipsum quia id dolorem.', 2012, 136, 'ducimus', '2023-07-07 14:58:42.142173', '2023-07-07 14:58:42.142173');
INSERT INTO public.esgi_film (id, title, description, year, length, category, date_inserted, date_updated) VALUES (27, 'Deleniti voluptates officia consectetur.', 'Voluptatibus sunt consequatur ratione. Qui qui ad corrupti error dolores qui. Sapiente et repellat est beatae.', 1974, 93, 'drama', '2023-07-07 14:58:42.149198', '2023-07-07 14:58:42.149198');
INSERT INTO public.esgi_film (id, title, description, year, length, category, date_inserted, date_updated) VALUES (28, 'Qui nemo consequatur fuga.', 'Hic ab esse quia. Magnam cum quis velit voluptatibus qui et reiciendis. Exercitationem beatae veritatis expedita ea amet provident. Dolor doloremque quia et.', 2018, 95, 'drama', '2023-07-07 14:58:42.156155', '2023-07-07 14:58:42.156155');
INSERT INTO public.esgi_film (id, title, description, year, length, category, date_inserted, date_updated) VALUES (29, 'Quas accusantium ut beatae.', 'Ut ipsa vero eum ut dolor consequatur qui. Et sapiente itaque voluptates ut. Porro corporis aut sint porro ipsa ipsam recusandae et. Et ea exercitationem suscipit nulla cupiditate similique.', 1982, 135, 'drama', '2023-07-07 14:58:42.162970', '2023-07-07 14:58:42.162970');
INSERT INTO public.esgi_film (id, title, description, year, length, category, date_inserted, date_updated) VALUES (30, 'Culpa consequatur at qui.', 'Reprehenderit voluptate qui ea quia sint alias nisi. Dolorem rerum dolor facilis voluptas voluptatibus explicabo.', 1981, 140, 'drama', '2023-07-07 14:58:42.170155', '2023-07-07 14:58:42.170155');
INSERT INTO public.esgi_film (id, title, description, year, length, category, date_inserted, date_updated) VALUES (31, 'Laboriosam maxime veniam.', 'Ex enim non iure consectetur. Error ex aperiam et velit maxime ut. Architecto dolorem libero est in quidem consequatur.', 1995, 115, 'drama', '2023-07-07 14:58:42.177372', '2023-07-07 14:58:42.177372');
INSERT INTO public.esgi_film (id, title, description, year, length, category, date_inserted, date_updated) VALUES (32, 'Distinctio corrupti ratione consequuntur.', 'Eaque autem quod sint saepe. Qui corrupti esse aut vitae qui nobis quia. Recusandae corrupti laudantium expedita rem voluptatem nobis.', 2003, 80, 'drama', '2023-07-07 14:58:42.184676', '2023-07-07 14:58:42.184676');
INSERT INTO public.esgi_film (id, title, description, year, length, category, date_inserted, date_updated) VALUES (33, 'Odit velit aspernatur.', 'Dolorem provident inventore ipsa dolores vel enim. Necessitatibus cupiditate vitae veniam ea sit quod. Cumque velit pariatur expedita voluptatem nihil ex.', 2017, 159, 'drama', '2023-07-07 14:58:42.191768', '2023-07-07 14:58:42.191768');
INSERT INTO public.esgi_film (id, title, description, year, length, category, date_inserted, date_updated) VALUES (34, 'Voluptate enim quae est.', 'Eos molestiae fugiat accusantium molestiae et ea. Ut quo in voluptas dolorum. Et praesentium aliquid impedit et aut unde labore. Perspiciatis voluptatem et autem et quod similique libero.', 2019, 115, 'drama', '2023-07-07 14:58:42.199108', '2023-07-07 14:58:42.199108');
INSERT INTO public.esgi_film (id, title, description, year, length, category, date_inserted, date_updated) VALUES (35, 'Quas eos deleniti officiis.', 'Voluptatem ab cupiditate facilis quod. Et ut perferendis ut pariatur. Tenetur aspernatur ex est facere fugit id. Eveniet error adipisci minus. Provident tempora repudiandae ut quia.', 2005, 136, 'adventure', '2023-07-07 14:58:42.206467', '2023-07-07 14:58:42.206467');
INSERT INTO public.esgi_film (id, title, description, year, length, category, date_inserted, date_updated) VALUES (36, 'Necessitatibus laudantium nulla.', 'Error officia minus quam. Nihil dolorem excepturi qui possimus. Vel autem eum quibusdam nihil voluptas ex. Ex non error veniam illo culpa suscipit.', 2008, 175, 'adventure', '2023-07-07 14:58:42.214103', '2023-07-07 14:58:42.214103');
INSERT INTO public.esgi_film (id, title, description, year, length, category, date_inserted, date_updated) VALUES (37, 'Nihil laborum animi.', 'Praesentium nulla in a debitis iste dolor. Libero non hic nobis.', 1998, 61, 'adventure', '2023-07-07 14:58:42.221461', '2023-07-07 14:58:42.221461');
INSERT INTO public.esgi_film (id, title, description, year, length, category, date_inserted, date_updated) VALUES (38, 'Sit et provident nobis.', 'Hic voluptate accusantium et repellat est commodi eos dicta. Et ab dolorem aut qui. Aut quis esse commodi hic consequatur.', 2004, 113, 'adventure', '2023-07-07 14:58:42.228390', '2023-07-07 14:58:42.228390');
INSERT INTO public.esgi_film (id, title, description, year, length, category, date_inserted, date_updated) VALUES (39, 'Quidem reprehenderit voluptas fugiat mollitia.', 'Quam velit nobis aspernatur qui velit. Ut culpa rerum ut veritatis. Possimus possimus quis provident ex quia. Ut optio repudiandae qui et quis natus.', 1976, 129, 'adventure', '2023-07-07 14:58:42.235473', '2023-07-07 14:58:42.235473');
INSERT INTO public.esgi_film (id, title, description, year, length, category, date_inserted, date_updated) VALUES (40, 'Qui eos optio.', 'Et laborum rerum nemo sed ut sunt. Praesentium rem voluptatem sed alias. Impedit delectus quia autem libero consectetur quasi eum. Nesciunt molestiae iure vero officiis aut veniam.', 1984, 84, 'adventure', '2023-07-07 14:58:42.242296', '2023-07-07 14:58:42.242296');
INSERT INTO public.esgi_film (id, title, description, year, length, category, date_inserted, date_updated) VALUES (41, 'Incidunt nam modi.', 'Id totam cum omnis inventore eos nihil quasi. Ut laboriosam ut qui officia. Ea non temporibus non earum quia rem ab.', 2004, 95, 'adventure', '2023-07-07 14:58:42.249202', '2023-07-07 14:58:42.249202');
INSERT INTO public.esgi_film (id, title, description, year, length, category, date_inserted, date_updated) VALUES (42, 'Qui similique voluptates et.', 'Iusto veritatis necessitatibus quos. Quis reiciendis ad sed et dolorem sapiente velit. Tempora dolorem quibusdam architecto saepe et. Et eos atque dignissimos vitae.', 2022, 96, 'adventure', '2023-07-07 14:58:42.255948', '2023-07-07 14:58:42.255948');
INSERT INTO public.esgi_film (id, title, description, year, length, category, date_inserted, date_updated) VALUES (43, 'Sapiente sit.', 'Ipsum atque aperiam quia voluptatem porro. Numquam ut eum quia dolorum ea. Porro minima non est necessitatibus sit quia.', 1970, 177, 'adventure', '2023-07-07 14:58:42.263049', '2023-07-07 14:58:42.263049');
INSERT INTO public.esgi_film (id, title, description, year, length, category, date_inserted, date_updated) VALUES (44, 'Iure culpa.', 'Id omnis et tenetur voluptatum expedita perspiciatis. Eos quae et natus facere voluptas laudantium velit.', 2014, 89, 'adventure', '2023-07-07 14:58:42.269699', '2023-07-07 14:58:42.269699');
INSERT INTO public.esgi_film (id, title, description, year, length, category, date_inserted, date_updated) VALUES (45, 'Voluptatibus in sit tenetur.', 'Vel amet quia aut sit molestias. Nobis cupiditate distinctio et atque pariatur earum. Sit repellat nisi minima autem facilis deserunt. Ut et qui dolores assumenda neque.', 1986, 60, 'adventure', '2023-07-07 14:58:42.276435', '2023-07-07 14:58:42.276435');
INSERT INTO public.esgi_film (id, title, description, year, length, category, date_inserted, date_updated) VALUES (46, 'Minus magnam vero odit.', 'Magni repellat doloribus hic possimus omnis doloremque. Excepturi unde mollitia ipsa. Quo fuga autem saepe provident facere voluptatum. Similique unde laborum placeat nihil sunt ut.', 2004, 81, 'adventure', '2023-07-07 14:58:42.283237', '2023-07-07 14:58:42.283237');
INSERT INTO public.esgi_film (id, title, description, year, length, category, date_inserted, date_updated) VALUES (47, 'Nisi vel ut.', 'Dignissimos excepturi voluptas vel sunt perferendis a voluptatem illum. Soluta beatae aut ea. Laboriosam eum error quidem qui doloremque impedit molestiae.', 1992, 138, 'adventure', '2023-07-07 14:58:42.290110', '2023-07-07 14:58:42.290110');
INSERT INTO public.esgi_film (id, title, description, year, length, category, date_inserted, date_updated) VALUES (48, 'Error quia.', 'Inventore itaque incidunt saepe rem numquam consequuntur. Voluptas eveniet rem praesentium voluptate. Ab quos sed sapiente quas.', 2018, 73, 'adventure', '2023-07-07 14:58:42.296844', '2023-07-07 14:58:42.296844');
INSERT INTO public.esgi_film (id, title, description, year, length, category, date_inserted, date_updated) VALUES (49, 'Asperiores quia fuga placeat.', 'Voluptas expedita quis repellendus distinctio iste. Odit quis dolor et quia. Dolores ea quas et earum quaerat accusamus ratione.', 2007, 165, 'adventure', '2023-07-07 14:58:42.303378', '2023-07-07 14:58:42.303378');
INSERT INTO public.esgi_film (id, title, description, year, length, category, date_inserted, date_updated) VALUES (50, 'Maxime animi iure pariatur.', 'Nulla praesentium hic amet tempore. Molestiae saepe saepe nulla quod architecto corporis omnis tempora. Inventore minima eos in aut vero id. Ipsam inventore sunt dicta fugit molestiae perferendis.', 1976, 81, 'adventure', '2023-07-07 14:58:42.310171', '2023-07-07 14:58:42.310171');
SELECT setval('esgi_film_id_seq', (SELECT MAX(id) FROM esgi_film));


INSERT INTO public.esgi_comment (id, film_id, user_id, content, date_inserted) VALUES (1, 26, 8, 'Necessitatibus eius delectus laborum nam sit ut. Tempora voluptas eius labore ex non. Architecto magnam nihil non perferendis hic enim. Eum voluptates temporibus et nam.', '2023-07-07 15:00:29.402268');
INSERT INTO public.esgi_comment (id, film_id, user_id, content, date_inserted) VALUES (2, 30, 49, 'Vel deserunt vero provident temporibus. Sit omnis perferendis accusantium reprehenderit qui maiores. Ut quis deserunt et saepe voluptatem.', '2023-07-07 15:00:29.000000');
INSERT INTO public.esgi_comment (id, film_id, user_id, content, date_inserted) VALUES (3, 5, 90, 'Quos dolor et omnis quo. Voluptatibus inventore vel et omnis corporis ut quo. Natus dolorem sed temporibus est odio. Et et esse odit quia quas. Alias est est blanditiis sint.', '2023-07-07 15:00:29.000000');
INSERT INTO public.esgi_comment (id, film_id, user_id, content, date_inserted) VALUES (4, 47, 52, 'Unde quos ipsa quod voluptates. Voluptatem fugit qui iusto repellendus voluptatem similique. Non qui ea quibusdam quia doloribus provident labore facere.', '2023-07-07 15:00:29.000000');
INSERT INTO public.esgi_comment (id, film_id, user_id, content, date_inserted) VALUES (5, 31, 70, 'Dolores perferendis amet animi et possimus. Eveniet nihil perspiciatis at vel voluptatem velit. Ad officiis sit impedit ut. Vel nemo qui adipisci maxime tenetur sit possimus.', '2023-07-07 15:00:29.000000');
INSERT INTO public.esgi_comment (id, film_id, user_id, content, date_inserted) VALUES (6, 27, 28, 'Sint molestiae in recusandae illo. Nobis quis et nesciunt quisquam sint magni error. Magnam magnam id laboriosam tempora ullam itaque.', '2023-07-07 15:00:29.000000');
INSERT INTO public.esgi_comment (id, film_id, user_id, content, date_inserted) VALUES (7, 12, 34, 'Et veritatis dolorem porro qui rerum unde. Ut rerum cum ipsa exercitationem quidem fugiat eum repellat. Aut et ex sunt veritatis voluptate.', '2023-07-07 15:00:29.000000');
INSERT INTO public.esgi_comment (id, film_id, user_id, content, date_inserted) VALUES (8, 36, 19, 'Quod eum voluptatum vitae repellendus culpa provident. Architecto vel eveniet esse nesciunt ex aspernatur. Repellendus quas saepe repudiandae doloribus placeat dolorum sint.', '2023-07-07 15:00:29.000000');
INSERT INTO public.esgi_comment (id, film_id, user_id, content, date_inserted) VALUES (9, 20, 72, 'Nam officia commodi doloribus aliquid. Cupiditate corporis voluptatem ratione aliquid qui delectus dicta. Sed sequi libero consequatur qui. Soluta totam rerum assumenda nulla.', '2023-07-07 15:00:29.000000');
INSERT INTO public.esgi_comment (id, film_id, user_id, content, date_inserted) VALUES (10, 12, 43, 'Vel porro esse autem occaecati dolores soluta deleniti. Est autem officia fugit. Ex natus explicabo incidunt dolorem et quod hic.', '2023-07-07 15:00:29.000000');
INSERT INTO public.esgi_comment (id, film_id, user_id, content, date_inserted) VALUES (11, 29, 10, 'Eos vitae distinctio ut et. Dolorem rerum labore et occaecati eum. Quae qui repudiandae dolorem enim vel aut eius.', '2023-07-07 15:00:29.000000');
INSERT INTO public.esgi_comment (id, film_id, user_id, content, date_inserted) VALUES (12, 20, 24, 'Cupiditate laborum neque aut qui nisi quibusdam. Aut et dolor ullam veniam enim.', '2023-07-07 15:00:29.000000');
INSERT INTO public.esgi_comment (id, film_id, user_id, content, date_inserted) VALUES (13, 26, 63, 'Mollitia voluptas nostrum aut et deserunt. Quis quidem dignissimos in doloremque est totam atque. Dolor voluptatum reiciendis vitae minus officiis aut sint.', '2023-07-07 15:00:29.000000');
INSERT INTO public.esgi_comment (id, film_id, user_id, content, date_inserted) VALUES (14, 20, 82, 'Aperiam consequatur eum ut quos perferendis rerum. Dolores tempora quo maiores et corrupti debitis tempore.', '2023-07-07 15:00:29.000000');
INSERT INTO public.esgi_comment (id, film_id, user_id, content, date_inserted) VALUES (15, 24, 82, 'Error consectetur aut iure possimus cupiditate. Ratione molestiae assumenda perspiciatis animi quia provident. Est iusto quis est molestiae aut eos architecto.', '2023-07-07 15:00:29.000000');
INSERT INTO public.esgi_comment (id, film_id, user_id, content, date_inserted) VALUES (16, 44, 80, 'Nihil facilis nisi sequi itaque quia dolores nulla. Corrupti sed inventore atque rerum quia ad explicabo dolores. Enim ad aut molestiae. Ipsam fugiat reprehenderit et officia.', '2023-07-07 15:00:29.000000');
INSERT INTO public.esgi_comment (id, film_id, user_id, content, date_inserted) VALUES (17, 29, 96, 'Omnis dolor nisi facilis. Aspernatur iure rem enim nisi nihil voluptates nisi. Exercitationem aut harum et autem eum tempora.', '2023-07-07 15:00:29.000000');
INSERT INTO public.esgi_comment (id, film_id, user_id, content, date_inserted) VALUES (18, 23, 83, 'Et qui aut ut neque sed. Tempore porro ut mollitia nulla eius rerum. Quis nihil quod velit id animi quis alias. Rerum iure sit minus unde alias.', '2023-07-07 15:00:29.000000');
INSERT INTO public.esgi_comment (id, film_id, user_id, content, date_inserted) VALUES (19, 8, 31, 'Rerum ut quae ut qui quo. Aut unde amet et animi. Quis sit aut esse. Occaecati id vel ad ut.', '2023-07-07 15:00:29.000000');
INSERT INTO public.esgi_comment (id, film_id, user_id, content, date_inserted) VALUES (20, 35, 77, 'Optio facere debitis at et consequatur. Necessitatibus consequatur nihil alias. Iste consectetur sunt velit aut ipsa sed itaque. Repellendus corrupti voluptate voluptatem.', '2023-07-07 15:00:29.000000');
INSERT INTO public.esgi_comment (id, film_id, user_id, content, date_inserted) VALUES (21, 17, 29, 'Iste iure sit vero velit quas cum hic. Non provident nulla iste minus laborum. Eum officiis praesentium ducimus et ipsa sed.', '2023-07-07 15:00:29.000000');
INSERT INTO public.esgi_comment (id, film_id, user_id, content, date_inserted) VALUES (22, 10, 47, 'Saepe illum et non quam qui. Cum similique ut enim maxime nihil non. Consequatur voluptatum ad minus saepe magnam quaerat.', '2023-07-07 15:00:29.000000');
INSERT INTO public.esgi_comment (id, film_id, user_id, content, date_inserted) VALUES (23, 30, 92, 'Voluptas sit sapiente in molestias quo. Atque aliquam non optio ea ipsa. Ullam ut ea dignissimos nam est. Iste delectus praesentium sit sint sit perspiciatis eveniet quia.', '2023-07-07 15:00:29.000000');
INSERT INTO public.esgi_comment (id, film_id, user_id, content, date_inserted) VALUES (24, 43, 38, 'Ut error distinctio et perferendis quo architecto. Consequatur perferendis possimus omnis in. Velit ratione quia eos temporibus qui culpa. Animi mollitia eum exercitationem.', '2023-07-07 15:00:29.000000');
INSERT INTO public.esgi_comment (id, film_id, user_id, content, date_inserted) VALUES (25, 49, 90, 'Quia in accusantium ab ipsum quidem voluptas. Aut maxime sint optio quaerat autem in ut. Cupiditate omnis odit voluptates fugiat consequatur ut exercitationem.', '2023-07-07 15:00:29.000000');
INSERT INTO public.esgi_comment (id, film_id, user_id, content, date_inserted) VALUES (26, 49, 76, 'Velit quia corrupti aut perferendis mollitia. Temporibus est libero dolor. Non recusandae ut voluptatem assumenda cumque qui et. Est eum voluptate facilis ex.', '2023-07-07 15:00:29.000000');
INSERT INTO public.esgi_comment (id, film_id, user_id, content, date_inserted) VALUES (27, 7, 56, 'Dicta vel tenetur tempore sed inventore saepe aliquam. Perferendis magni incidunt eos molestiae. At magni ut facilis quo qui unde. Fugiat in inventore vero deserunt sint aliquid.', '2023-07-07 15:00:29.000000');
INSERT INTO public.esgi_comment (id, film_id, user_id, content, date_inserted) VALUES (28, 19, 24, 'Praesentium totam magnam magni. Omnis impedit ut repellat blanditiis ea laudantium. Voluptatem et enim voluptatem at autem. In enim veniam aliquam voluptas qui qui.', '2023-07-07 15:00:29.000000');
INSERT INTO public.esgi_comment (id, film_id, user_id, content, date_inserted) VALUES (29, 37, 47, 'Eum et ea in voluptas. Autem atque dicta saepe architecto quia ipsum minus. Velit ipsum quo aperiam quia. Enim voluptate nemo velit sint praesentium omnis quaerat velit.', '2023-07-07 15:00:29.000000');
INSERT INTO public.esgi_comment (id, film_id, user_id, content, date_inserted) VALUES (30, 38, 72, 'Sint consequatur dolorum repellendus. Eos perspiciatis hic dolores id. Voluptas debitis neque non omnis maiores.', '2023-07-07 15:00:29.000000');
INSERT INTO public.esgi_comment (id, film_id, user_id, content, date_inserted) VALUES (31, 39, 28, 'Architecto laboriosam qui dolor quibusdam. Delectus aut nesciunt laboriosam non repellat. Corporis cupiditate doloremque in porro maiores neque. Rem eos laborum recusandae dolorum beatae quia.', '2023-07-07 15:00:29.000000');
INSERT INTO public.esgi_comment (id, film_id, user_id, content, date_inserted) VALUES (32, 39, 58, 'Sequi aut numquam consequatur totam qui. Fugiat qui tenetur labore quam at. Ut cupiditate odit repudiandae provident. Facere omnis sit doloremque veniam placeat.', '2023-07-07 15:00:29.000000');
INSERT INTO public.esgi_comment (id, film_id, user_id, content, date_inserted) VALUES (33, 12, 31, 'Quia cum quis quae quidem sed. Est suscipit magnam iste ut eum eveniet. Nobis quia quis ut et perferendis qui sunt. Ipsam voluptates praesentium qui ut.', '2023-07-07 15:00:29.000000');
INSERT INTO public.esgi_comment (id, film_id, user_id, content, date_inserted) VALUES (34, 13, 39, 'Neque facilis aut doloremque est. Enim laudantium dignissimos harum reiciendis quis assumenda dolor. Exercitationem fuga corrupti dolorem vitae praesentium quam. Ullam ipsa natus nostrum.', '2023-07-07 15:00:29.000000');
INSERT INTO public.esgi_comment (id, film_id, user_id, content, date_inserted) VALUES (35, 17, 16, 'Voluptatem nemo libero autem nihil consequatur quis. Dolores illum quo est aut. Nam id et qui quia quis. Non quisquam cupiditate repellat suscipit laboriosam delectus aut.', '2023-07-07 15:00:29.000000');
INSERT INTO public.esgi_comment (id, film_id, user_id, content, date_inserted) VALUES (36, 49, 13, 'Veniam dolor cupiditate quis. Minima ratione ea rerum nam omnis. Aliquid quia pariatur dolor illum.', '2023-07-07 15:00:29.000000');
INSERT INTO public.esgi_comment (id, film_id, user_id, content, date_inserted) VALUES (37, 13, 80, 'Et dolorem minima exercitationem. Quo et voluptatem maiores et. Itaque pariatur sunt tempore veritatis.', '2023-07-07 15:00:29.000000');
INSERT INTO public.esgi_comment (id, film_id, user_id, content, date_inserted) VALUES (38, 16, 3, 'Suscipit quasi qui et facere aut repellat. Neque magni ipsum et dignissimos natus. Iusto non minima rerum omnis sit. Quos saepe fuga ipsum.', '2023-07-07 15:00:29.000000');
INSERT INTO public.esgi_comment (id, film_id, user_id, content, date_inserted) VALUES (39, 24, 81, 'Odio libero beatae vero quis. Necessitatibus voluptas velit praesentium aspernatur repellat impedit optio. Dolores ratione modi et doloribus sit. Quia neque eius numquam libero.', '2023-07-07 15:00:29.000000');
INSERT INTO public.esgi_comment (id, film_id, user_id, content, date_inserted) VALUES (40, 41, 19, 'Iure ducimus quo cupiditate ut provident est quis. Maiores omnis et molestiae molestiae doloribus iusto. Iste temporibus sapiente laborum aspernatur suscipit enim.', '2023-07-07 15:00:29.000000');
INSERT INTO public.esgi_comment (id, film_id, user_id, content, date_inserted) VALUES (41, 23, 7, 'Recusandae eaque nobis ducimus. Nostrum perferendis sed repudiandae possimus fugiat nihil veritatis. Laudantium ad praesentium ea dignissimos.', '2023-07-07 15:00:29.000000');
INSERT INTO public.esgi_comment (id, film_id, user_id, content, date_inserted) VALUES (42, 21, 8, 'Ipsum consectetur dolorum non et beatae at explicabo. Omnis quaerat quia sit quasi mollitia aut eos. Labore cum aut atque voluptatem fuga consectetur dolor. Velit quaerat aspernatur porro sunt hic.', '2023-07-07 15:00:29.000000');
INSERT INTO public.esgi_comment (id, film_id, user_id, content, date_inserted) VALUES (43, 11, 13, 'Voluptatum animi veniam est totam amet culpa. Omnis voluptatem incidunt corrupti modi commodi qui dolore. Delectus quae dolorum voluptatem eum voluptas velit dolor.', '2023-07-07 15:00:29.000000');
INSERT INTO public.esgi_comment (id, film_id, user_id, content, date_inserted) VALUES (44, 38, 58, 'Qui omnis perferendis dolorem. Sit quod dolores officiis ut. Hic consequatur laudantium labore sapiente rerum.', '2023-07-07 15:00:29.000000');
INSERT INTO public.esgi_comment (id, film_id, user_id, content, date_inserted) VALUES (45, 17, 78, 'Consequatur est nulla facere id non. Nam ad sint enim in dolor quisquam. Repudiandae iusto dolorem ex ut dicta.', '2023-07-07 15:00:29.000000');
INSERT INTO public.esgi_comment (id, film_id, user_id, content, date_inserted) VALUES (46, 27, 34, 'Asperiores pariatur nostrum sequi numquam. Id consequuntur soluta sunt accusamus. Quis exercitationem molestias excepturi.', '2023-07-07 15:00:29.000000');
INSERT INTO public.esgi_comment (id, film_id, user_id, content, date_inserted) VALUES (47, 14, 74, 'Sit aliquid dolor commodi. Id enim ex beatae delectus qui architecto esse. Iste excepturi id voluptas eum sit debitis. Et possimus praesentium aut cupiditate id.', '2023-07-07 15:00:29.000000');
INSERT INTO public.esgi_comment (id, film_id, user_id, content, date_inserted) VALUES (48, 35, 29, 'Eos facere placeat vel autem sed. Autem esse doloribus quia quis voluptatibus.', '2023-07-07 15:00:29.000000');
INSERT INTO public.esgi_comment (id, film_id, user_id, content, date_inserted) VALUES (49, 12, 14, 'Ea et id et inventore consequatur sit. Qui molestiae qui non aliquid eligendi ut minus. Rerum quia facere sint saepe est accusantium odio.', '2023-07-07 15:00:29.000000');
INSERT INTO public.esgi_comment (id, film_id, user_id, content, date_inserted) VALUES (50, 8, 24, 'Non dolorum eum voluptatibus itaque. Rerum dolore rerum a ex eligendi. Dolorem corporis porro eum libero natus dolorem.', '2023-07-07 15:00:29.000000');
INSERT INTO public.esgi_comment (id, film_id, user_id, content, date_inserted) VALUES (51, 14, 41, 'Consequatur vel ipsam voluptatem dicta perspiciatis occaecati. Explicabo nisi nulla eum sint reprehenderit. Ad dolores ut minima tempora maxime.', '2023-07-07 15:00:29.000000');
INSERT INTO public.esgi_comment (id, film_id, user_id, content, date_inserted) VALUES (52, 26, 86, 'Alias placeat accusantium et illo ab at officia. Earum tempora quo distinctio fugit qui aut totam.', '2023-07-07 15:00:29.000000');
INSERT INTO public.esgi_comment (id, film_id, user_id, content, date_inserted) VALUES (53, 13, 34, 'Quia eligendi occaecati fugit adipisci omnis. Autem nulla aut ipsum ut odio ea. Ipsam culpa eos dolorum sunt ducimus voluptatem impedit. Debitis dolores quidem id rerum.', '2023-07-07 15:00:29.000000');
INSERT INTO public.esgi_comment (id, film_id, user_id, content, date_inserted) VALUES (54, 46, 85, 'Ullam aliquam dicta quo fugiat consequatur illum qui. Ipsa consequuntur voluptatem ea est suscipit unde odio.', '2023-07-07 15:00:29.000000');
INSERT INTO public.esgi_comment (id, film_id, user_id, content, date_inserted) VALUES (55, 5, 18, 'Aut voluptatem fugit eveniet necessitatibus. Possimus voluptas impedit animi aliquid dolore cupiditate. Eligendi qui qui nam cum. Vero est dolorum officia doloremque.', '2023-07-07 15:00:29.000000');
INSERT INTO public.esgi_comment (id, film_id, user_id, content, date_inserted) VALUES (56, 42, 64, 'Omnis deserunt enim fuga aut neque rem. Qui quis totam saepe dolor rerum sapiente. Nobis incidunt veniam eos similique velit veritatis praesentium iste.', '2023-07-07 15:00:29.000000');
INSERT INTO public.esgi_comment (id, film_id, user_id, content, date_inserted) VALUES (57, 36, 11, 'Alias sit ipsa quibusdam aut aut autem. Et ea minus nulla quidem dolor omnis earum. Laborum harum alias veniam nihil. Rerum molestiae quia fugit voluptatem iste maxime.', '2023-07-07 15:00:29.000000');
INSERT INTO public.esgi_comment (id, film_id, user_id, content, date_inserted) VALUES (58, 33, 87, 'Ea magnam quo minus. Veniam amet ut est dolorum omnis aut dolor. Eum odio et rerum est ratione distinctio.', '2023-07-07 15:00:29.000000');
INSERT INTO public.esgi_comment (id, film_id, user_id, content, date_inserted) VALUES (59, 42, 34, 'Doloribus veritatis qui enim vel possimus nisi ut. Et odio mollitia natus necessitatibus veritatis ratione omnis. Odio porro debitis voluptatem doloremque.', '2023-07-07 15:00:29.000000');
INSERT INTO public.esgi_comment (id, film_id, user_id, content, date_inserted) VALUES (60, 7, 77, 'In nisi nihil consequuntur sed perspiciatis tenetur quidem. Et aut minus sunt quis qui et. Aut voluptatibus perspiciatis eligendi est repellat vel.', '2023-07-07 15:00:29.000000');
INSERT INTO public.esgi_comment (id, film_id, user_id, content, date_inserted) VALUES (61, 44, 93, 'Ad provident sit saepe dolorem. Rerum et doloribus eos vitae adipisci provident dolor. Sint dolore quod ipsam sed adipisci adipisci. Atque sint aliquid necessitatibus aut fugiat ipsum rerum.', '2023-07-07 15:00:29.000000');
INSERT INTO public.esgi_comment (id, film_id, user_id, content, date_inserted) VALUES (62, 21, 39, 'Dolor exercitationem aliquam dolorum magnam delectus. Qui ad voluptas est maxime aperiam sint perferendis earum. Eos quo enim suscipit quis exercitationem sunt et. Et ad assumenda quasi blanditiis.', '2023-07-07 15:00:29.000000');
INSERT INTO public.esgi_comment (id, film_id, user_id, content, date_inserted) VALUES (63, 20, 19, 'Delectus ipsum excepturi culpa explicabo beatae consequatur debitis voluptatem. Et quod eveniet qui cumque. Sequi rerum quasi iure accusamus id praesentium.', '2023-07-07 15:00:29.000000');
INSERT INTO public.esgi_comment (id, film_id, user_id, content, date_inserted) VALUES (64, 40, 41, 'Ducimus corporis temporibus aspernatur aut et. Ullam est quos quia reprehenderit alias. Ullam fuga enim tempore quo.', '2023-07-07 15:00:29.000000');
INSERT INTO public.esgi_comment (id, film_id, user_id, content, date_inserted) VALUES (65, 9, 80, 'Dolor eligendi tempora unde assumenda aut voluptate. Quidem doloremque rerum quo architecto animi corrupti. Nihil reiciendis voluptatem cum est. Et in quis provident aliquam doloremque.', '2023-07-07 15:00:29.000000');
INSERT INTO public.esgi_comment (id, film_id, user_id, content, date_inserted) VALUES (66, 28, 58, 'Labore cupiditate ratione ut. Iste eveniet eum consequuntur atque facilis non ipsum. Praesentium voluptatibus atque modi expedita aut velit.', '2023-07-07 15:00:29.000000');
INSERT INTO public.esgi_comment (id, film_id, user_id, content, date_inserted) VALUES (67, 50, 16, 'Voluptatem repudiandae ut asperiores facilis. Voluptas magnam esse debitis aliquid ducimus dicta magnam sequi. Odit natus ratione sint sint autem minima sapiente.', '2023-07-07 15:00:29.000000');
INSERT INTO public.esgi_comment (id, film_id, user_id, content, date_inserted) VALUES (68, 47, 81, 'Aut dignissimos nesciunt impedit optio necessitatibus qui blanditiis. Rerum tempora deleniti ut aut facilis. Maiores voluptas nulla aperiam et ut est non ut. Voluptatibus et quia deleniti.', '2023-07-07 15:00:29.000000');
INSERT INTO public.esgi_comment (id, film_id, user_id, content, date_inserted) VALUES (69, 8, 24, 'Alias ad quia dolor ab magnam. Sapiente ipsum alias quia occaecati hic autem. Vel commodi sunt rerum sit dolore recusandae.', '2023-07-07 15:00:29.000000');
INSERT INTO public.esgi_comment (id, film_id, user_id, content, date_inserted) VALUES (70, 33, 73, 'Dicta ut dolor aliquam cumque. Dicta error et doloremque delectus non nam suscipit. Quia aut eius omnis autem temporibus asperiores. Magni necessitatibus est aut voluptatibus illo.', '2023-07-07 15:00:29.000000');
INSERT INTO public.esgi_comment (id, film_id, user_id, content, date_inserted) VALUES (71, 46, 47, 'Illum expedita deleniti asperiores. Blanditiis nisi non facere laborum ea alias est. Dolore hic qui omnis. Voluptate corrupti deserunt tempore alias.', '2023-07-07 15:00:29.000000');
INSERT INTO public.esgi_comment (id, film_id, user_id, content, date_inserted) VALUES (72, 25, 51, 'Quo placeat corrupti cumque unde. Qui culpa voluptas a non rerum et ut. Blanditiis sint maxime ex.', '2023-07-07 15:00:29.000000');
INSERT INTO public.esgi_comment (id, film_id, user_id, content, date_inserted) VALUES (73, 40, 35, 'Veritatis doloremque animi voluptatem corrupti sed. Nihil eum autem veniam autem. Saepe ut rerum sit repudiandae ut. Mollitia porro inventore est est.', '2023-07-07 15:00:29.000000');
INSERT INTO public.esgi_comment (id, film_id, user_id, content, date_inserted) VALUES (74, 48, 99, 'Inventore minima nemo et asperiores sit aperiam. Occaecati necessitatibus temporibus modi totam. Velit veritatis similique officia. Minima animi est excepturi corporis temporibus facere sint.', '2023-07-07 15:00:29.000000');
INSERT INTO public.esgi_comment (id, film_id, user_id, content, date_inserted) VALUES (75, 8, 96, 'Et voluptatem quis temporibus. Quo est quisquam adipisci sit neque accusantium possimus aperiam.', '2023-07-07 15:00:29.000000');
INSERT INTO public.esgi_comment (id, film_id, user_id, content, date_inserted) VALUES (76, 46, 63, 'Suscipit et molestiae qui consectetur fuga. Facilis dicta non id assumenda vel laborum ut. Officiis alias illo quo officiis. Possimus aut nihil unde.', '2023-07-07 15:00:29.000000');
INSERT INTO public.esgi_comment (id, film_id, user_id, content, date_inserted) VALUES (77, 10, 46, 'Rerum eum accusamus qui tempora a mollitia. Et rerum quaerat ipsam exercitationem magnam ea qui. Fugit adipisci quos quae corrupti maiores voluptatem.', '2023-07-07 15:00:29.000000');
INSERT INTO public.esgi_comment (id, film_id, user_id, content, date_inserted) VALUES (78, 34, 61, 'Quaerat accusamus beatae vel sed aut. Velit voluptas et sequi dolor. Ut odit ut numquam laboriosam.', '2023-07-07 15:00:29.000000');
INSERT INTO public.esgi_comment (id, film_id, user_id, content, date_inserted) VALUES (79, 13, 61, 'Perspiciatis voluptatem facere ut nobis et ut praesentium. Nihil iusto qui sapiente quia. Cupiditate architecto hic et et error. Illum cum mollitia veritatis reiciendis voluptatem et.', '2023-07-07 15:00:29.000000');
INSERT INTO public.esgi_comment (id, film_id, user_id, content, date_inserted) VALUES (80, 9, 56, 'Recusandae nulla est qui molestiae reiciendis voluptatem. Rerum et vel nemo voluptates. Minima repudiandae harum autem voluptate. At asperiores magnam molestiae dolores libero amet aut.', '2023-07-07 15:00:29.000000');
INSERT INTO public.esgi_comment (id, film_id, user_id, content, date_inserted) VALUES (81, 6, 52, 'Minima vel quisquam molestiae ut natus ex aut. Dolor non dolor minus ea. Quisquam occaecati ipsum sunt eos.', '2023-07-07 15:00:30.000000');
INSERT INTO public.esgi_comment (id, film_id, user_id, content, date_inserted) VALUES (82, 29, 76, 'Aut officia et molestiae quas labore. Facere voluptatibus quam ut accusamus quia. Impedit quo autem ea provident ut sequi. Nam facere repudiandae qui vero vero.', '2023-07-07 15:00:30.000000');
INSERT INTO public.esgi_comment (id, film_id, user_id, content, date_inserted) VALUES (83, 26, 41, 'Odio voluptate est hic aperiam eos numquam. Id laboriosam unde molestiae fugiat. Qui voluptas animi placeat et repudiandae dolorem quod.', '2023-07-07 15:00:30.000000');
INSERT INTO public.esgi_comment (id, film_id, user_id, content, date_inserted) VALUES (84, 20, 29, 'Et vero repudiandae aspernatur ullam. Tempora cum sit ipsum a molestias doloribus. Delectus consequatur facere quia dolorem. Nesciunt est error doloremque id fuga qui qui deserunt.', '2023-07-07 15:00:30.000000');
INSERT INTO public.esgi_comment (id, film_id, user_id, content, date_inserted) VALUES (85, 47, 39, 'Exercitationem veritatis odio consequatur sed autem. Illum aut eveniet pariatur dolores numquam. Assumenda provident libero iure eos velit ratione dolorem.', '2023-07-07 15:00:30.000000');
INSERT INTO public.esgi_comment (id, film_id, user_id, content, date_inserted) VALUES (86, 2, 41, 'Mollitia velit quia dolore optio. Aliquam ex iste dolorem sequi non quia quo. Eum recusandae quibusdam minima laudantium.', '2023-07-07 15:00:30.000000');
INSERT INTO public.esgi_comment (id, film_id, user_id, content, date_inserted) VALUES (87, 47, 59, 'Et ut veniam ea et esse maxime. Aut omnis dicta voluptatem doloremque maxime id molestias. Explicabo in ut dolor odio voluptatem. Odio accusamus et occaecati.', '2023-07-07 15:00:30.000000');
INSERT INTO public.esgi_comment (id, film_id, user_id, content, date_inserted) VALUES (88, 6, 32, 'Natus et officia aliquid ex. Temporibus ipsa consequatur sed facere officiis veniam omnis. Aut nihil exercitationem minus aliquam iste ut.', '2023-07-07 15:00:30.000000');
INSERT INTO public.esgi_comment (id, film_id, user_id, content, date_inserted) VALUES (89, 45, 94, 'Labore distinctio omnis dolor qui officia aliquid nihil modi. Est aut saepe et ut cum. Sed inventore ducimus dolor quia consequatur ut nisi. Et ducimus voluptatem laboriosam.', '2023-07-07 15:00:30.000000');
INSERT INTO public.esgi_comment (id, film_id, user_id, content, date_inserted) VALUES (90, 7, 63, 'Aut rem labore quas esse sed facere. Et excepturi neque mollitia perferendis voluptatum ut. Laudantium et error repudiandae in. Eligendi sapiente incidunt perferendis ut eos iusto.', '2023-07-07 15:00:30.000000');
INSERT INTO public.esgi_comment (id, film_id, user_id, content, date_inserted) VALUES (91, 30, 61, 'Voluptas reiciendis magnam quia autem quibusdam culpa blanditiis. Incidunt et ratione nemo id nobis deserunt doloribus non. Sed minima qui in ullam eligendi assumenda est.', '2023-07-07 15:00:30.000000');
INSERT INTO public.esgi_comment (id, film_id, user_id, content, date_inserted) VALUES (92, 32, 46, 'Facere et consequuntur voluptatem sit sunt dolore voluptatibus. Praesentium veniam dolore cumque minus doloremque dolores. Et nihil quisquam animi.', '2023-07-07 15:00:30.000000');
INSERT INTO public.esgi_comment (id, film_id, user_id, content, date_inserted) VALUES (93, 18, 11, 'Ad repellat quos sapiente illo dolores sed cum. Tempore illo occaecati natus expedita labore enim dolor. Sed laboriosam quia nostrum consectetur.', '2023-07-07 15:00:30.000000');
INSERT INTO public.esgi_comment (id, film_id, user_id, content, date_inserted) VALUES (94, 16, 56, 'Fugiat consectetur ab aut et est. Voluptatem ut aliquam quae aperiam minus sunt in iure. Doloribus dolores quidem quam sapiente dolor est. Aut accusamus sit velit est.', '2023-07-07 15:00:30.000000');
INSERT INTO public.esgi_comment (id, film_id, user_id, content, date_inserted) VALUES (95, 44, 21, 'Et ut sit in exercitationem nulla possimus aut. Animi saepe tempore voluptatum dolores. Ratione blanditiis perspiciatis autem autem fugiat sequi vitae.', '2023-07-07 15:00:30.000000');
INSERT INTO public.esgi_comment (id, film_id, user_id, content, date_inserted) VALUES (96, 47, 3, 'Fuga corporis ad necessitatibus illum quo distinctio. Natus natus qui quo dolorum. Amet deserunt quos ex reiciendis et ratione repudiandae voluptatem.', '2023-07-07 15:00:30.000000');
INSERT INTO public.esgi_comment (id, film_id, user_id, content, date_inserted) VALUES (97, 40, 16, 'Nihil maiores recusandae voluptatem ab aut in atque. Asperiores sed ullam ipsum harum sapiente. Illo eum nulla placeat. Tempora dolores nisi omnis delectus assumenda veniam.', '2023-07-07 15:00:30.000000');
INSERT INTO public.esgi_comment (id, film_id, user_id, content, date_inserted) VALUES (98, 3, 48, 'Omnis blanditiis vitae dolor ducimus quos architecto molestiae. Dignissimos laudantium nostrum illum quaerat qui sunt optio. Dolorum qui dolores autem eos. Non dolorem omnis et non et illum incidunt.', '2023-07-07 15:00:30.000000');
INSERT INTO public.esgi_comment (id, film_id, user_id, content, date_inserted) VALUES (99, 7, 57, 'At qui pariatur ut facilis. Quisquam aliquid soluta repellendus eos id. Quibusdam totam magni libero consectetur dolorem itaque harum.', '2023-07-07 15:00:30.000000');
INSERT INTO public.esgi_comment (id, film_id, user_id, content, date_inserted) VALUES (100, 27, 24, 'Quia quis explicabo non unde ipsum omnis atque. Mollitia et placeat praesentium ad aliquam. Voluptatem qui vel rerum voluptas deserunt provident qui. Pariatur omnis sapiente facilis quod dolorem.', '2023-07-07 15:00:30.000000');
INSERT INTO public.esgi_comment (id, film_id, user_id, content, date_inserted) VALUES (101, 46, 17, 'Ipsum et nesciunt deserunt ut est. Dolorum rerum enim vero maiores quia dolor earum. Voluptatum voluptate dicta tenetur atque veniam vel.', '2023-07-07 15:00:30.000000');
INSERT INTO public.esgi_comment (id, film_id, user_id, content, date_inserted) VALUES (102, 1, 68, 'Mollitia quis sit quod velit est repudiandae. Aliquam ex voluptatibus dolores dolore. Ea autem natus eos error fugit velit.', '2023-07-07 15:00:30.000000');
INSERT INTO public.esgi_comment (id, film_id, user_id, content, date_inserted) VALUES (103, 2, 88, 'Voluptatum doloremque consequatur unde illum cupiditate. Magni animi eaque vel non non iste minus. Magni aut expedita animi maxime id provident dolores.', '2023-07-07 15:00:30.000000');
INSERT INTO public.esgi_comment (id, film_id, user_id, content, date_inserted) VALUES (104, 7, 51, 'Aliquam quisquam et aut pariatur id quia minus est. Unde aspernatur nobis minima corrupti corrupti doloremque sint. Ad cupiditate quis nihil eaque.', '2023-07-07 15:00:30.000000');
INSERT INTO public.esgi_comment (id, film_id, user_id, content, date_inserted) VALUES (105, 17, 95, 'Eos aliquam debitis aut est nobis. Est omnis et deserunt qui qui. Sit autem voluptas laudantium deserunt. Nobis asperiores in beatae possimus nulla.', '2023-07-07 15:00:30.000000');
INSERT INTO public.esgi_comment (id, film_id, user_id, content, date_inserted) VALUES (106, 23, 19, 'Qui nisi recusandae rerum harum. Consequatur quis corporis omnis quis animi ut. Qui non officiis consequuntur quam. Rerum provident voluptatem sit illum. Et maxime inventore quas.', '2023-07-07 15:00:30.000000');
INSERT INTO public.esgi_comment (id, film_id, user_id, content, date_inserted) VALUES (107, 34, 28, 'Modi recusandae sapiente unde aut. Sit tempora est velit et possimus. Alias error est eligendi eum et id sunt. Ut officiis nobis deserunt facere.', '2023-07-07 15:00:30.000000');
INSERT INTO public.esgi_comment (id, film_id, user_id, content, date_inserted) VALUES (108, 13, 34, 'Molestiae ut ullam explicabo nihil praesentium. Repellendus impedit quo ullam aperiam quae. Enim consectetur voluptatem blanditiis repellat quia at totam.', '2023-07-07 15:00:30.000000');
INSERT INTO public.esgi_comment (id, film_id, user_id, content, date_inserted) VALUES (109, 13, 66, 'Laborum qui dicta quae. Nihil dolores ut minima praesentium ratione. Est eum nostrum suscipit et natus at et nobis. Magnam sed dolor itaque dolorum optio.', '2023-07-07 15:00:30.000000');
INSERT INTO public.esgi_comment (id, film_id, user_id, content, date_inserted) VALUES (110, 41, 45, 'Atque tempora hic dolore sint quaerat. Consequatur dicta tenetur laboriosam harum. Doloremque quam doloribus consequatur deleniti dolor nobis.', '2023-07-07 15:00:30.000000');
INSERT INTO public.esgi_comment (id, film_id, user_id, content, date_inserted) VALUES (111, 15, 8, 'Aspernatur tempora ut modi voluptatum. Incidunt aut amet excepturi possimus. Saepe aliquid eum quas. Id pariatur assumenda rerum.', '2023-07-07 15:00:30.000000');
INSERT INTO public.esgi_comment (id, film_id, user_id, content, date_inserted) VALUES (112, 14, 92, 'Iure et et est animi rerum fugiat fugiat occaecati. Totam quis beatae enim non hic. Velit veniam qui vel fuga optio ratione. Iure velit est omnis nobis.', '2023-07-07 15:00:30.000000');
INSERT INTO public.esgi_comment (id, film_id, user_id, content, date_inserted) VALUES (113, 5, 76, 'Placeat ad dignissimos est ut nihil rerum et. Eos dolore sapiente voluptatibus alias. Adipisci velit sed perspiciatis ratione doloremque.', '2023-07-07 15:00:30.000000');
INSERT INTO public.esgi_comment (id, film_id, user_id, content, date_inserted) VALUES (114, 4, 13, 'Tenetur aut dicta inventore tempora. Maiores vel dicta dolor. Qui iure tempora saepe maxime.', '2023-07-07 15:00:30.000000');
INSERT INTO public.esgi_comment (id, film_id, user_id, content, date_inserted) VALUES (115, 28, 84, 'Vitae non et eos minima totam non dignissimos. Reprehenderit sequi doloremque unde dolorum itaque rerum. Vero impedit temporibus corrupti. Et inventore et laudantium cum eveniet veritatis.', '2023-07-07 15:00:30.000000');
INSERT INTO public.esgi_comment (id, film_id, user_id, content, date_inserted) VALUES (116, 22, 35, 'Delectus distinctio veniam similique iste. Ad et aliquid architecto ut nobis voluptate. Voluptas maxime eum illo magni ut.', '2023-07-07 15:00:30.000000');
INSERT INTO public.esgi_comment (id, film_id, user_id, content, date_inserted) VALUES (117, 12, 84, 'Rerum consequuntur illum sunt qui in in. Inventore aut earum nam ut. Delectus eveniet modi aspernatur repellendus repellendus laboriosam et. Maxime eos ipsum exercitationem et nihil ut et.', '2023-07-07 15:00:30.000000');
INSERT INTO public.esgi_comment (id, film_id, user_id, content, date_inserted) VALUES (118, 3, 33, 'Ipsam rerum occaecati qui exercitationem pariatur. Aut reprehenderit autem esse ut. Earum officiis labore repellendus ut est. Quia eum voluptas quia tenetur neque.', '2023-07-07 15:00:30.000000');
INSERT INTO public.esgi_comment (id, film_id, user_id, content, date_inserted) VALUES (119, 25, 37, 'Ea rerum in quasi impedit porro dolor distinctio. In eaque eos molestias quibusdam. Eveniet exercitationem tenetur impedit perspiciatis repudiandae et. Eum veniam corporis debitis qui.', '2023-07-07 15:00:30.000000');
INSERT INTO public.esgi_comment (id, film_id, user_id, content, date_inserted) VALUES (120, 14, 96, 'Numquam id aperiam dolore praesentium vitae sit rem. Quos culpa est vero voluptas quas quia modi. Ea similique fuga aut nemo suscipit ex.', '2023-07-07 15:00:30.000000');
INSERT INTO public.esgi_comment (id, film_id, user_id, content, date_inserted) VALUES (121, 22, 57, 'Enim et voluptates aut recusandae facilis aut. Ex est mollitia perspiciatis quibusdam esse ea. Consequatur magnam soluta voluptas. Porro quidem labore est repellendus sunt voluptatem.', '2023-07-07 15:00:30.000000');
INSERT INTO public.esgi_comment (id, film_id, user_id, content, date_inserted) VALUES (122, 50, 10, 'Porro temporibus et ad cupiditate eveniet. Nihil sint inventore corrupti delectus eaque sunt earum error. Necessitatibus qui nihil nisi totam est.', '2023-07-07 15:00:30.000000');
INSERT INTO public.esgi_comment (id, film_id, user_id, content, date_inserted) VALUES (123, 3, 80, 'Non error sunt enim qui sunt at. Illo et fuga quaerat qui quae explicabo neque quas. Quo commodi placeat reprehenderit nostrum rerum illo. A ipsam delectus fuga a rem.', '2023-07-07 15:00:30.000000');
INSERT INTO public.esgi_comment (id, film_id, user_id, content, date_inserted) VALUES (124, 18, 4, 'Laborum repellendus suscipit explicabo velit ex facere. Ratione sunt est dolor aspernatur accusamus suscipit. Officiis harum quas animi similique.', '2023-07-07 15:00:30.000000');
INSERT INTO public.esgi_comment (id, film_id, user_id, content, date_inserted) VALUES (125, 36, 33, 'Modi sit totam sunt error velit. Voluptas sed tenetur assumenda ullam quod. Nihil ut maxime omnis voluptatem tempore. Odit magnam itaque et omnis quo.', '2023-07-07 15:00:30.000000');
INSERT INTO public.esgi_comment (id, film_id, user_id, content, date_inserted) VALUES (126, 36, 23, 'Necessitatibus sit odit cumque numquam. Minus exercitationem sed voluptatem non quis nemo et et.', '2023-07-07 15:00:30.000000');
INSERT INTO public.esgi_comment (id, film_id, user_id, content, date_inserted) VALUES (127, 30, 24, 'Vel repudiandae et sapiente quasi. Enim iusto saepe quasi sit. Voluptatum velit magni suscipit placeat distinctio.', '2023-07-07 15:00:30.000000');
INSERT INTO public.esgi_comment (id, film_id, user_id, content, date_inserted) VALUES (128, 17, 60, 'Fugiat qui itaque est quisquam voluptatum aut. Nesciunt tempora eaque rerum esse iusto voluptates quidem quo. Quibusdam aut repudiandae voluptates autem dignissimos.', '2023-07-07 15:00:30.000000');
INSERT INTO public.esgi_comment (id, film_id, user_id, content, date_inserted) VALUES (129, 15, 7, 'Esse aut qui ut et beatae. Officia ex perspiciatis sed. Maiores tempore sed ex mollitia nemo quisquam voluptatibus.', '2023-07-07 15:00:30.000000');
INSERT INTO public.esgi_comment (id, film_id, user_id, content, date_inserted) VALUES (130, 14, 58, 'At omnis laborum tempora adipisci. Est officia et voluptatem qui consequatur aut. Suscipit adipisci vel excepturi dolores voluptatem explicabo culpa nobis.', '2023-07-07 15:00:30.000000');
INSERT INTO public.esgi_comment (id, film_id, user_id, content, date_inserted) VALUES (131, 42, 73, 'Omnis deleniti culpa quas. Ipsam et eaque tenetur. Provident animi itaque voluptatem nisi et at rerum. Non nihil eveniet sequi architecto quisquam.', '2023-07-07 15:00:30.000000');
INSERT INTO public.esgi_comment (id, film_id, user_id, content, date_inserted) VALUES (132, 27, 30, 'Velit et ut aperiam unde consequatur quo eius. Ad dolorem dolore aut et quaerat. Ipsam ratione aut dolores rerum adipisci id. Quis quae voluptas in iure.', '2023-07-07 15:00:30.000000');
INSERT INTO public.esgi_comment (id, film_id, user_id, content, date_inserted) VALUES (133, 2, 73, 'Explicabo autem quis reiciendis ipsum odit optio iste error. Quae aspernatur ut labore. Ipsa laudantium debitis autem quisquam sit commodi.', '2023-07-07 15:00:30.000000');
INSERT INTO public.esgi_comment (id, film_id, user_id, content, date_inserted) VALUES (134, 9, 35, 'Repudiandae facere ipsa est. Voluptas unde laboriosam error libero ut. Minus vel sit recusandae nihil quis voluptatem. Molestias omnis est consequatur facilis voluptatem.', '2023-07-07 15:00:30.000000');
INSERT INTO public.esgi_comment (id, film_id, user_id, content, date_inserted) VALUES (135, 14, 21, 'Et velit magnam dolore nam corporis non id. Sint nam libero quibusdam cum. Velit natus ad quo voluptas et et beatae.', '2023-07-07 15:00:30.000000');
INSERT INTO public.esgi_comment (id, film_id, user_id, content, date_inserted) VALUES (136, 5, 70, 'Sunt modi nam hic numquam voluptate. Delectus cupiditate qui asperiores assumenda commodi non. Qui voluptas itaque voluptatem voluptatem.', '2023-07-07 15:00:30.000000');
INSERT INTO public.esgi_comment (id, film_id, user_id, content, date_inserted) VALUES (137, 6, 55, 'Optio sunt aut dolore beatae qui ratione error voluptas. Ipsum omnis et molestias aperiam quia sed. Minima est dolorem exercitationem rerum quia ab nam.', '2023-07-07 15:00:30.000000');
INSERT INTO public.esgi_comment (id, film_id, user_id, content, date_inserted) VALUES (138, 20, 65, 'Vitae corporis optio expedita debitis iste laboriosam est. Ullam aut illum eos illo nesciunt sit. Deleniti non sit ad beatae et.', '2023-07-07 15:00:30.000000');
INSERT INTO public.esgi_comment (id, film_id, user_id, content, date_inserted) VALUES (139, 19, 57, 'Minima explicabo ipsa nisi quas. Vel consequatur et aut. Architecto voluptates debitis odit quos quidem laborum incidunt quas. Et accusamus totam neque fugiat voluptas vitae facere.', '2023-07-07 15:00:30.000000');
INSERT INTO public.esgi_comment (id, film_id, user_id, content, date_inserted) VALUES (140, 20, 28, 'Blanditiis nihil nam odit magnam perspiciatis dolor sunt. Ea a eveniet dolore temporibus non totam. Incidunt rerum eligendi in rem et.', '2023-07-07 15:00:30.000000');
INSERT INTO public.esgi_comment (id, film_id, user_id, content, date_inserted) VALUES (141, 33, 86, 'Maxime cum nihil incidunt et neque qui. Nostrum amet cupiditate delectus eligendi explicabo minima. Quis explicabo soluta facilis saepe quae corrupti.', '2023-07-07 15:00:30.000000');
INSERT INTO public.esgi_comment (id, film_id, user_id, content, date_inserted) VALUES (142, 6, 59, 'Blanditiis voluptate nobis non sapiente. Eum id voluptatem iure non quo ut possimus. Quod quas corporis ut fugiat dolore.', '2023-07-07 15:00:30.000000');
INSERT INTO public.esgi_comment (id, film_id, user_id, content, date_inserted) VALUES (143, 35, 99, 'Rerum tenetur error veniam deserunt reprehenderit. Quia eos dolorem voluptas ipsum.', '2023-07-07 15:00:30.000000');
INSERT INTO public.esgi_comment (id, film_id, user_id, content, date_inserted) VALUES (144, 24, 88, 'Distinctio similique quia unde quasi. Eius dolorem voluptatem excepturi. Fuga inventore impedit veniam sit.', '2023-07-07 15:00:30.000000');
INSERT INTO public.esgi_comment (id, film_id, user_id, content, date_inserted) VALUES (145, 13, 21, 'Dolores dolore quam at eos dolorum reiciendis. Ut voluptas consequuntur repellat expedita tenetur. Earum et aut quis. Repudiandae autem quae nobis minima cumque reiciendis eligendi.', '2023-07-07 15:00:30.000000');
INSERT INTO public.esgi_comment (id, film_id, user_id, content, date_inserted) VALUES (146, 12, 95, 'Nihil dolor exercitationem natus porro neque sunt quidem. Enim illo consequatur et consectetur. Non porro ipsam soluta quaerat culpa quia deleniti quaerat.', '2023-07-07 15:00:30.000000');
INSERT INTO public.esgi_comment (id, film_id, user_id, content, date_inserted) VALUES (147, 47, 12, 'Enim a in dolor sint. Magni odit eaque exercitationem ipsa dolorem quis. Eveniet ipsa nemo amet.', '2023-07-07 15:00:30.000000');
INSERT INTO public.esgi_comment (id, film_id, user_id, content, date_inserted) VALUES (148, 33, 75, 'Saepe qui et voluptas et totam ullam. Delectus laborum enim rem eum voluptatem aut quibusdam quia. Amet vitae quia et tempore.', '2023-07-07 15:00:30.000000');
INSERT INTO public.esgi_comment (id, film_id, user_id, content, date_inserted) VALUES (149, 35, 62, 'Veritatis omnis sapiente provident qui voluptatem. Et reprehenderit quasi facilis sequi. Numquam reiciendis quos repellat.', '2023-07-07 15:00:30.000000');
INSERT INTO public.esgi_comment (id, film_id, user_id, content, date_inserted) VALUES (150, 30, 19, 'Exercitationem similique sapiente vel ut et sit sed. Illum eum minima pariatur velit ea consequatur dicta.', '2023-07-07 15:00:30.000000');
INSERT INTO public.esgi_comment (id, film_id, user_id, content, date_inserted) VALUES (151, 26, 30, 'Quaerat quaerat quibusdam officiis mollitia aut deleniti eveniet. Iste sit omnis qui sed dolores et.', '2023-07-07 15:00:30.000000');
INSERT INTO public.esgi_comment (id, film_id, user_id, content, date_inserted) VALUES (152, 44, 66, 'Quisquam officia hic vitae. Alias voluptates quis et quia.', '2023-07-07 15:00:30.000000');
INSERT INTO public.esgi_comment (id, film_id, user_id, content, date_inserted) VALUES (153, 20, 68, 'Inventore consequatur qui quaerat sunt ullam. Dolor nobis architecto doloribus dolorem enim dolorum in. Maiores fuga odio velit atque vitae. Minima velit autem qui.', '2023-07-07 15:00:30.000000');
INSERT INTO public.esgi_comment (id, film_id, user_id, content, date_inserted) VALUES (154, 25, 48, 'Facilis commodi eum voluptates quia quod. Nemo harum ut est.', '2023-07-07 15:00:30.000000');
INSERT INTO public.esgi_comment (id, film_id, user_id, content, date_inserted) VALUES (155, 46, 38, 'Ducimus nemo temporibus voluptas ab sequi dicta accusamus. Facilis consequatur libero debitis sapiente qui sint. Recusandae eius corrupti excepturi itaque eum id.', '2023-07-07 15:00:30.000000');
INSERT INTO public.esgi_comment (id, film_id, user_id, content, date_inserted) VALUES (156, 32, 90, 'Autem quas soluta maiores laboriosam odio culpa aut. Libero laudantium sit voluptate consequuntur asperiores quasi. At sapiente nostrum in rerum nostrum.', '2023-07-07 15:00:30.000000');
INSERT INTO public.esgi_comment (id, film_id, user_id, content, date_inserted) VALUES (157, 34, 15, 'Vel qui autem eveniet sed harum adipisci. Ullam quae sit in est sequi molestiae dignissimos. Voluptas est cum expedita beatae aut qui autem aliquam.', '2023-07-07 15:00:30.000000');
INSERT INTO public.esgi_comment (id, film_id, user_id, content, date_inserted) VALUES (158, 44, 19, 'Sint cupiditate accusamus cumque amet doloremque. Incidunt facilis facere quasi velit. Ipsum sunt sed rerum rem a.', '2023-07-07 15:00:30.000000');
INSERT INTO public.esgi_comment (id, film_id, user_id, content, date_inserted) VALUES (159, 10, 29, 'Est alias magnam consequatur. Possimus rerum dolorem eaque est nostrum. Minus ad aut animi quisquam iste libero.', '2023-07-07 15:00:30.000000');
INSERT INTO public.esgi_comment (id, film_id, user_id, content, date_inserted) VALUES (160, 2, 48, 'Tempore iure ut repudiandae porro temporibus aliquid et. Delectus a accusantium ut consectetur sed maxime in. Recusandae repellat incidunt corporis sint dolorem.', '2023-07-07 15:00:30.000000');
INSERT INTO public.esgi_comment (id, film_id, user_id, content, date_inserted) VALUES (161, 46, 16, 'Vel quae ab dolor cumque ipsa maiores veritatis. Aut aliquid impedit iste nam aut. Aut voluptatum consequatur similique.', '2023-07-07 15:00:30.000000');
INSERT INTO public.esgi_comment (id, film_id, user_id, content, date_inserted) VALUES (162, 46, 69, 'Nostrum ipsum quia eaque quia omnis alias nihil. Rerum consequuntur ut nulla animi.', '2023-07-07 15:00:30.000000');
INSERT INTO public.esgi_comment (id, film_id, user_id, content, date_inserted) VALUES (163, 1, 9, 'Magni doloremque consequatur fuga facere. Eos praesentium optio a eum officia. Inventore vel non optio ut adipisci fugit.', '2023-07-07 15:00:30.000000');
INSERT INTO public.esgi_comment (id, film_id, user_id, content, date_inserted) VALUES (164, 48, 49, 'Inventore voluptatem accusantium quae reprehenderit omnis. Provident et itaque vero et dolorem eligendi. Impedit voluptas voluptatem occaecati quis assumenda aut autem nihil.', '2023-07-07 15:00:30.000000');
INSERT INTO public.esgi_comment (id, film_id, user_id, content, date_inserted) VALUES (165, 13, 72, 'Possimus autem in et et nam. Vel eos eaque ad velit quia. Labore odit incidunt velit consequuntur corporis.', '2023-07-07 15:00:30.000000');
INSERT INTO public.esgi_comment (id, film_id, user_id, content, date_inserted) VALUES (166, 36, 4, 'Ut est accusamus provident sapiente omnis. Debitis corporis quasi ut autem cumque quia voluptas.', '2023-07-07 15:00:30.000000');
INSERT INTO public.esgi_comment (id, film_id, user_id, content, date_inserted) VALUES (167, 30, 34, 'Sed minima nihil saepe necessitatibus et animi. In beatae omnis voluptatem voluptas aliquam voluptatem soluta. Laboriosam ipsam quo aliquid et. Quibusdam autem minima dicta sint est quasi.', '2023-07-07 15:00:30.000000');
INSERT INTO public.esgi_comment (id, film_id, user_id, content, date_inserted) VALUES (168, 2, 55, 'Accusantium dolor odio vero illo architecto doloribus ut. Vitae laborum voluptatem enim doloribus possimus ipsa.', '2023-07-07 15:00:30.000000');
INSERT INTO public.esgi_comment (id, film_id, user_id, content, date_inserted) VALUES (169, 28, 82, 'Sint quisquam voluptate est. Ut sit voluptatum omnis maxime. Maxime aut cupiditate ab blanditiis omnis maxime non. Aut quidem explicabo aperiam accusamus.', '2023-07-07 15:00:30.000000');
INSERT INTO public.esgi_comment (id, film_id, user_id, content, date_inserted) VALUES (170, 30, 63, 'Veniam reiciendis at repudiandae voluptas laboriosam eum fugiat et. Et autem illo inventore odio aut nemo. Provident aut placeat nisi fuga quas. Quia impedit cum libero.', '2023-07-07 15:00:30.000000');
INSERT INTO public.esgi_comment (id, film_id, user_id, content, date_inserted) VALUES (171, 49, 60, 'Blanditiis iure suscipit doloremque quia rerum ad. Beatae aut temporibus rerum tempore veritatis. Consequatur perspiciatis quia ratione. Reiciendis ullam eos ab quia.', '2023-07-07 15:00:30.000000');
INSERT INTO public.esgi_comment (id, film_id, user_id, content, date_inserted) VALUES (172, 42, 21, 'Deserunt natus nihil molestiae expedita sapiente sed quas veritatis. Explicabo architecto dolor at beatae. Aut eum quibusdam delectus culpa debitis.', '2023-07-07 15:00:30.000000');
INSERT INTO public.esgi_comment (id, film_id, user_id, content, date_inserted) VALUES (173, 6, 64, 'Est distinctio hic quasi. Quasi voluptas facilis dolores dolor pariatur. Nemo perferendis quo velit autem saepe in.', '2023-07-07 15:00:30.000000');
INSERT INTO public.esgi_comment (id, film_id, user_id, content, date_inserted) VALUES (174, 6, 24, 'Quis perspiciatis magnam odit est quod omnis. Laborum voluptas vel repudiandae beatae aliquam. Rerum quo recusandae qui ab.', '2023-07-07 15:00:30.000000');
INSERT INTO public.esgi_comment (id, film_id, user_id, content, date_inserted) VALUES (175, 8, 14, 'Atque culpa at quas aut qui unde similique beatae. Perferendis qui et et enim voluptatem omnis.', '2023-07-07 15:00:30.000000');
INSERT INTO public.esgi_comment (id, film_id, user_id, content, date_inserted) VALUES (176, 41, 65, 'Distinctio sit aperiam expedita doloremque quae. Enim quia perferendis qui dolores dolore molestias exercitationem hic. Aperiam nihil impedit rerum excepturi.', '2023-07-07 15:00:30.000000');
INSERT INTO public.esgi_comment (id, film_id, user_id, content, date_inserted) VALUES (177, 27, 42, 'Aut qui optio quis voluptates facere eaque. Quaerat laborum dolores voluptas sit. Et nostrum similique et vero corporis.', '2023-07-07 15:00:30.000000');
INSERT INTO public.esgi_comment (id, film_id, user_id, content, date_inserted) VALUES (178, 23, 24, 'Dignissimos accusantium nulla voluptatem ut. Omnis optio provident sunt totam esse. Aliquid velit aut nihil sapiente itaque voluptatibus quaerat.', '2023-07-07 15:00:30.000000');
INSERT INTO public.esgi_comment (id, film_id, user_id, content, date_inserted) VALUES (179, 16, 57, 'Sint veritatis at consequatur deserunt consequatur magnam libero ea. Eos repellat omnis veniam qui et veritatis ratione. Inventore fuga enim illo rerum et fuga quod officia.', '2023-07-07 15:00:30.000000');
INSERT INTO public.esgi_comment (id, film_id, user_id, content, date_inserted) VALUES (180, 36, 5, 'Ducimus tempore sit voluptatem temporibus. Est quia cumque dolorem aspernatur voluptas. Itaque sint sit voluptatum id totam velit non.', '2023-07-07 15:00:30.000000');
INSERT INTO public.esgi_comment (id, film_id, user_id, content, date_inserted) VALUES (181, 15, 40, 'Voluptate ut omnis sed hic cumque molestiae amet. Natus ratione adipisci et totam magni minus rerum. Non quibusdam aliquid magni. Voluptate dignissimos harum aut omnis. Corporis qui sequi eveniet.', '2023-07-07 15:00:30.000000');
INSERT INTO public.esgi_comment (id, film_id, user_id, content, date_inserted) VALUES (182, 17, 58, 'Alias vel dolore harum perferendis. Ducimus odio autem cum expedita enim adipisci. Excepturi exercitationem consequatur fugit aut voluptas est debitis. Perferendis quo enim voluptatem eum est non.', '2023-07-07 15:00:30.000000');
INSERT INTO public.esgi_comment (id, film_id, user_id, content, date_inserted) VALUES (183, 21, 66, 'Sunt aperiam error sed. Sit tenetur quae quis. Harum ipsam nihil soluta aut porro aut iste omnis. Molestias molestias numquam ut eos.', '2023-07-07 15:00:30.000000');
INSERT INTO public.esgi_comment (id, film_id, user_id, content, date_inserted) VALUES (184, 33, 9, 'Autem cupiditate et sed distinctio. Id similique sit alias pariatur dolores exercitationem. Itaque expedita ab blanditiis dolor.', '2023-07-07 15:00:30.000000');
INSERT INTO public.esgi_comment (id, film_id, user_id, content, date_inserted) VALUES (185, 50, 61, 'Doloribus libero non excepturi eos cupiditate et. Et omnis molestiae aut voluptas illum repellat fugiat. Eveniet voluptatem vel et. Corporis quis error veniam vel dicta est ipsam.', '2023-07-07 15:00:30.000000');
INSERT INTO public.esgi_comment (id, film_id, user_id, content, date_inserted) VALUES (186, 20, 40, 'Ipsam dolore praesentium ut labore illum delectus. Quae sint ut eaque ut. Consequatur quas ullam veniam. Qui excepturi explicabo velit rerum et sed est omnis.', '2023-07-07 15:00:30.000000');
INSERT INTO public.esgi_comment (id, film_id, user_id, content, date_inserted) VALUES (187, 3, 27, 'Dolores sunt eius vero. Eligendi aut laborum quia quaerat. Voluptatem maiores incidunt voluptas vitae sed dicta.', '2023-07-07 15:00:30.000000');
INSERT INTO public.esgi_comment (id, film_id, user_id, content, date_inserted) VALUES (188, 17, 75, 'Voluptate nam veritatis neque id corporis aperiam. Nihil ratione aut nesciunt exercitationem. Distinctio ad expedita maiores totam.', '2023-07-07 15:00:30.000000');
INSERT INTO public.esgi_comment (id, film_id, user_id, content, date_inserted) VALUES (189, 30, 7, 'Ducimus tempore autem amet provident quia sapiente itaque. Quibusdam vitae nemo nobis soluta vitae repellendus laborum. Quas quia quia consectetur. Deleniti ut quaerat dolorem repellat dolor.', '2023-07-07 15:00:30.000000');
INSERT INTO public.esgi_comment (id, film_id, user_id, content, date_inserted) VALUES (190, 3, 48, 'Veritatis vel aut voluptatem totam et labore dolore tenetur. Omnis nisi architecto saepe nisi reprehenderit quod qui atque. Consequatur est unde ipsam maxime facilis eius voluptates temporibus.', '2023-07-07 15:00:30.000000');
INSERT INTO public.esgi_comment (id, film_id, user_id, content, date_inserted) VALUES (191, 25, 28, 'Laborum aut adipisci ut porro et harum dolores. Ducimus asperiores et sequi sunt porro. Ut dolorem autem dicta porro est sed sed optio.', '2023-07-07 15:00:30.000000');
INSERT INTO public.esgi_comment (id, film_id, user_id, content, date_inserted) VALUES (192, 13, 22, 'Culpa est id est culpa. Nobis laudantium vitae quod et aspernatur cupiditate. Aut qui tenetur est aperiam in. Tempora voluptatem est doloremque laborum magni magnam.', '2023-07-07 15:00:30.000000');
INSERT INTO public.esgi_comment (id, film_id, user_id, content, date_inserted) VALUES (193, 37, 94, 'Neque dicta enim et et. Assumenda enim voluptates voluptatibus expedita aut qui quia.', '2023-07-07 15:00:30.000000');
INSERT INTO public.esgi_comment (id, film_id, user_id, content, date_inserted) VALUES (194, 39, 34, 'Recusandae porro error magnam. Placeat laudantium beatae sit. Id mollitia nisi dolorem voluptas facere. Quibusdam earum perspiciatis dolorum.', '2023-07-07 15:00:30.000000');
INSERT INTO public.esgi_comment (id, film_id, user_id, content, date_inserted) VALUES (195, 38, 51, 'Placeat tenetur quos sint accusantium dignissimos laudantium excepturi. Illum iure similique iusto repudiandae debitis. Voluptatibus nesciunt aut rerum eaque possimus rem.', '2023-07-07 15:00:30.000000');
INSERT INTO public.esgi_comment (id, film_id, user_id, content, date_inserted) VALUES (196, 21, 46, 'Aliquid et atque sapiente amet molestiae et praesentium. Illum est provident nemo ducimus ut voluptas qui quam. Praesentium quis cumque consequatur sint. At alias vel culpa libero reprehenderit.', '2023-07-07 15:00:30.000000');
INSERT INTO public.esgi_comment (id, film_id, user_id, content, date_inserted) VALUES (197, 17, 77, 'Modi debitis qui nihil explicabo dolorem nulla a. Sint dolorum dolorem in occaecati recusandae rerum. Quis aperiam est corporis adipisci et commodi modi officiis.', '2023-07-07 15:00:30.000000');
INSERT INTO public.esgi_comment (id, film_id, user_id, content, date_inserted) VALUES (198, 30, 6, 'Quam nemo laudantium dolores illum aut officiis. Eveniet ea nam asperiores aliquam. Qui facilis illo cumque voluptatem dolorum ut asperiores perspiciatis. Nostrum quaerat ab id minima distinctio qui.', '2023-07-07 15:00:30.000000');
INSERT INTO public.esgi_comment (id, film_id, user_id, content, date_inserted) VALUES (199, 49, 98, 'Sed harum nobis minus assumenda harum. Natus rerum tenetur aspernatur a sit repudiandae. Iusto eum in recusandae et quod accusantium velit mollitia.', '2023-07-07 15:00:30.000000');
INSERT INTO public.esgi_comment (id, film_id, user_id, content, date_inserted) VALUES (200, 50, 57, 'Qui ea earum rerum. Laborum natus voluptatum tempore omnis voluptatem voluptate corrupti molestias. Harum accusamus sit dolor. Pariatur magnam velit et consequatur error veniam.', '2023-07-07 15:00:30.000000');
SELECT setval('esgi_comment_id_seq', (SELECT MAX(id) FROM esgi_comment));


INSERT INTO public.esgi_note (id, film_id, user_id, note) VALUES (1, 13, 81, 5);
INSERT INTO public.esgi_note (id, film_id, user_id, note) VALUES (2, 37, 66, 2);
INSERT INTO public.esgi_note (id, film_id, user_id, note) VALUES (3, 22, 42, 4);
INSERT INTO public.esgi_note (id, film_id, user_id, note) VALUES (4, 13, 37, 4);
INSERT INTO public.esgi_note (id, film_id, user_id, note) VALUES (5, 10, 97, 5);
INSERT INTO public.esgi_note (id, film_id, user_id, note) VALUES (6, 14, 59, 3);
INSERT INTO public.esgi_note (id, film_id, user_id, note) VALUES (7, 13, 54, 2);
INSERT INTO public.esgi_note (id, film_id, user_id, note) VALUES (8, 5, 93, 0);
INSERT INTO public.esgi_note (id, film_id, user_id, note) VALUES (9, 2, 71, 1);
INSERT INTO public.esgi_note (id, film_id, user_id, note) VALUES (10, 21, 27, 0);
INSERT INTO public.esgi_note (id, film_id, user_id, note) VALUES (11, 47, 21, 1);
INSERT INTO public.esgi_note (id, film_id, user_id, note) VALUES (12, 40, 100, 4);
INSERT INTO public.esgi_note (id, film_id, user_id, note) VALUES (13, 5, 25, 2);
INSERT INTO public.esgi_note (id, film_id, user_id, note) VALUES (14, 6, 99, 1);
INSERT INTO public.esgi_note (id, film_id, user_id, note) VALUES (15, 6, 49, 0);
INSERT INTO public.esgi_note (id, film_id, user_id, note) VALUES (16, 48, 72, 3);
INSERT INTO public.esgi_note (id, film_id, user_id, note) VALUES (17, 19, 72, 1);
INSERT INTO public.esgi_note (id, film_id, user_id, note) VALUES (18, 44, 99, 2);
INSERT INTO public.esgi_note (id, film_id, user_id, note) VALUES (19, 7, 81, 4);
INSERT INTO public.esgi_note (id, film_id, user_id, note) VALUES (20, 44, 7, 3);
INSERT INTO public.esgi_note (id, film_id, user_id, note) VALUES (21, 34, 7, 1);
INSERT INTO public.esgi_note (id, film_id, user_id, note) VALUES (22, 16, 74, 4);
INSERT INTO public.esgi_note (id, film_id, user_id, note) VALUES (23, 18, 63, 1);
INSERT INTO public.esgi_note (id, film_id, user_id, note) VALUES (24, 33, 18, 4);
INSERT INTO public.esgi_note (id, film_id, user_id, note) VALUES (25, 43, 20, 5);
INSERT INTO public.esgi_note (id, film_id, user_id, note) VALUES (26, 20, 56, 5);
INSERT INTO public.esgi_note (id, film_id, user_id, note) VALUES (27, 18, 90, 0);
INSERT INTO public.esgi_note (id, film_id, user_id, note) VALUES (28, 39, 4, 1);
INSERT INTO public.esgi_note (id, film_id, user_id, note) VALUES (29, 6, 94, 4);
INSERT INTO public.esgi_note (id, film_id, user_id, note) VALUES (30, 48, 95, 3);
INSERT INTO public.esgi_note (id, film_id, user_id, note) VALUES (31, 48, 95, 1);
INSERT INTO public.esgi_note (id, film_id, user_id, note) VALUES (32, 48, 95, 4);
INSERT INTO public.esgi_note (id, film_id, user_id, note) VALUES (33, 48, 95, 3);
INSERT INTO public.esgi_note (id, film_id, user_id, note) VALUES (34, 48, 95, 2);
INSERT INTO public.esgi_note (id, film_id, user_id, note) VALUES (35, 48, 95, 1);
INSERT INTO public.esgi_note (id, film_id, user_id, note) VALUES (36, 48, 95, 5);
INSERT INTO public.esgi_note (id, film_id, user_id, note) VALUES (37, 48, 95, 4);
INSERT INTO public.esgi_note (id, film_id, user_id, note) VALUES (38, 48, 95, 3);
INSERT INTO public.esgi_note (id, film_id, user_id, note) VALUES (39, 48, 95, 2);
SELECT setval('esgi_note_id_seq', (SELECT MAX(id) FROM esgi_note));
